手机编号,商品标题,价格,品牌,屏幕尺寸,前置摄像头像素,后置摄像头像素,指纹识别,GPS定位,促销信息,总评论数,好评数,中评数,差评数,X,avg_words,速度,物流,送货,包装,客服,售后,发票,电池,系统,性价比,质量,外观,功能,运行,充电,声音,屏幕,耳机,信号,开机,软件
2876449,自营 360手机 N4 全网通 4GB+32GB 阳光白 移动联通电信4G手机 双卡双待,999,360,5.5,500,1300,1,1,1,122745,118606,2377,1762,2876449,32.4150537634409,0.0645161290322581,0.0376344086021505,0.0258064516129032,0.0043010752688172,0.0258064516129032,0.0236559139784946,0.00860215053763441,0.0483870967741935,0.0440860215053763,0.0623655913978495,0.043010752688172,0.0172043010752688,0.0204301075268817,0.0419354838709677,0.0365591397849462,0.00860215053763441,0.0440860215053763,0.00967741935483871,0.021505376344086,0.0139784946236559,0.021505376344086
3097849,自营 360手机 Q5 4GB+128GB 全网通 流光金 移动联通电信4G手机双卡双待,1799,360,5.5,1300,1300,1,1,0,9693,9222,235,236,3097849,42.341504649197,0.0862214708368555,0.0312764158918005,0.0202874049027895,0.0481825866441251,0.0278951817413356,0.0245139475908707,0.00422654268808115,0.073541842772612,0.0853761622992392,0.0718512256973795,0.0287404902789518,0.0371935756551141,0.0431107354184277,0.0397295012679628,0.0321217244294167,0.0169061707523246,0.0633981403212172,0.0202874049027895,0.0245139475908707,0.0126796280642434,0.0185967878275571
3235724,自营 360手机 N4S 全网通版 流光金 4GB+32GB 移动联通电信4G手机 双卡双待,1199,360,5.5,800,1600,1,1,1,126390,120979,3040,2371,3235724,36.3494623655914,0.0688172043010753,0.032258064516129,0.0204301075268817,0.00645161290322581,0.0354838709677419,0.0365591397849462,0.0021505376344086,0.0967741935483871,0.067741935483871,0.0591397849462366,0.0473118279569892,0.032258064516129,0.0182795698924731,0.0354838709677419,0.0559139784946237,0.0139784946236559,0.0376344086021505,0.00967741935483871,0.0290322580645161,0.0204301075268817,0.0311827956989247
3398125,自营 360手机 N4A 全网通 3GB+32GB 流光金 移动联通电信4G手机 双卡双待,899,360,5.5,500,1300,1,1,1,6310,6008,175,127,3398125,25.2465373961219,0.074792243767313,0.056786703601108,0.0277008310249307,0.0415512465373961,0.0124653739612188,0.0138504155124654,0.00415512465373961,0.0623268698060942,0.0415512465373961,0.0692520775623269,0.0166204986149584,0.0304709141274238,0.0332409972299169,0.0346260387811634,0.0290858725761773,0.0193905817174515,0.0304709141274238,0.00277008310249307,0.0110803324099723,0.00692520775623269,0.0110803324099723
3783186,自营 360手机 Q5 4GB+128GB 全网通 流光金 移动联通电信4G手机双卡双待,1799,360,5.5,1300,1300,1,1,1,362,343,12,7,3783186,29.7895683453237,0.0935251798561151,0.0503597122302158,0.0143884892086331,0.0467625899280576,0,0,0.00359712230215827,0.0233812949640288,0.079136690647482,0.0611510791366906,0.0215827338129496,0.0467625899280576,0.0503597122302158,0.0503597122302158,0.0323741007194245,0.00359712230215827,0.0359712230215827,0.0287769784172662,0,0.00359712230215827,0.0143884892086331
3828650,自营 360手机 N4S 全网通 高配骁龙版 流光金 4GB+64GB 移动联通电信4G手机 双卡双待,1299,360,5.5,800,1600,1,1,0,126390,120979,3040,2371,3828650,44.7122128174123,0.0665054413542926,0.0652962515114873,0.0217654171704958,0.0181378476420798,0.0350665054413543,0.0169286577992745,0.00362756952841596,0.146311970979444,0.0882708585247884,0.0785973397823458,0.0399032648125756,0.0471584038694075,0.0145102781136638,0.0725513905683192,0.0677146311970979,0.0169286577992745,0.060459492140266,0.0169286577992745,0.0399032648125756,0.026602176541717,0.0677146311970979
10162503058,京东配送 21KE M3 全网通高配版移动联通电信4G手机 富贵黄 常规版,999,21KE,4.7,200,800,0,1,0,364,338,16,10,10162503058,43.4955752212389,0.0206489675516224,0.0265486725663717,0.00589970501474926,0.00884955752212389,0.0324483775811209,0.0176991150442478,0.00294985250737463,0.0176991150442478,0.0855457227138643,0.023598820058997,0.0294985250737463,0.0383480825958702,0.106194690265487,0.00884955752212389,0.0176991150442478,0.056047197640118,0.0619469026548673,0.0147492625368732,0.00884955752212389,0.00589970501474926,0.0117994100294985
10162503062,京东配送 21KE M3 全网通高配版移动联通电信4G手机 炫丽金 常规版,999,21KE,4.7,200,800,0,1,0,364,338,16,10,10162503062,38.1238095238095,0.0174603174603175,0.0253968253968254,0.00634920634920635,0.00634920634920635,0.0317460317460317,0.0126984126984127,0.00317460317460317,0.0158730158730159,0.0793650793650794,0.0222222222222222,0.0222222222222222,0.0317460317460317,0.1,0.00476190476190476,0.0142857142857143,0.0555555555555556,0.0492063492063492,0.0126984126984127,0.00952380952380952,0.00476190476190476,0.0126984126984127
10669260214,京东配送 21KE M3L 移动4G智能老人手机 钛晶灰 标准版,699,21KE,5,200,800,0,1,0,318,299,13,6,10669260214,36.9214285714286,0.0375,0.0357142857142857,0.0178571428571429,0.00357142857142857,0.0178571428571429,0.00892857142857143,0.00357142857142857,0.0357142857142857,0.0607142857142857,0.0285714285714286,0.0267857142857143,0.0357142857142857,0.0714285714285714,0.0107142857142857,0.00714285714285714,0.0714285714285714,0.05,0.0107142857142857,0.0107142857142857,0.00714285714285714,0.0125
10669260216,京东配送 21KE M3L 移动4G智能老人手机 富贵金 标准版,699,21KE,5,200,800,0,1,0,319,300,13,6,10669260216,36.9214285714286,0.0375,0.0357142857142857,0.0178571428571429,0.00357142857142857,0.0178571428571429,0.00892857142857143,0.00357142857142857,0.0357142857142857,0.0607142857142857,0.0285714285714286,0.0267857142857143,0.0357142857142857,0.0714285714285714,0.0107142857142857,0.00714285714285714,0.0714285714285714,0.05,0.0107142857142857,0.0107142857142857,0.00714285714285714,0.0125
10669260220,京东配送 21KE M3L 移动4G智能老人手机 珊瑚粉 标准版,699,21KE,5,200,800,0,1,0,318,299,13,6,10669260220,36.9214285714286,0.0375,0.0357142857142857,0.0178571428571429,0.00357142857142857,0.0178571428571429,0.00892857142857143,0.00357142857142857,0.0357142857142857,0.0607142857142857,0.0285714285714286,0.0267857142857143,0.0357142857142857,0.0714285714285714,0.0107142857142857,0.00714285714285714,0.0714285714285714,0.05,0.0107142857142857,0.0107142857142857,0.00714285714285714,0.0125
10712008853,京东配送 21KE M3L 3GB+32GB 移动4G智能老人手机 富贵金 高配版,899,21KE,5,200,800,0,1,0,122,115,6,1,10712008853,36.2146341463415,0.0487804878048781,0.0487804878048781,0.0195121951219512,0.0195121951219512,0.0048780487804878,0.00975609756097561,0,0.0048780487804878,0.126829268292683,0.0195121951219512,0.024390243902439,0.0682926829268293,0.0878048780487805,0.0585365853658537,0,0.0585365853658537,0.0878048780487805,0.00975609756097561,0.0146341463414634,0,0.0292682926829268
2166485,自营 HTC ONE A9 冰原银 移动联通双4G手机,2199,HTC,5,400,1300,1,1,0,4962,4681,162,119,2166485,30.5337837837838,0.0513513513513514,0.0162162162162162,0.0162162162162162,0.0148648648648649,0.0175675675675676,0.0162162162162162,0.00810810810810811,0.0675675675675676,0.0648648648648649,0.027027027027027,0.0445945945945946,0.0540540540540541,0.0189189189189189,0.027027027027027,0.0324324324324324,0.00810810810810811,0.0662162162162162,0.00540540540540541,0.0175675675675676,0.00810810810810811,0.0162162162162162
2288566,自营 HTC One X9 峭壁灰 移动联通双4G公开版 双卡双待,1999,HTC,5.5,500,1300,0,1,1,2294,2178,75,41,2288566,30.1845688350983,0.0620272314674735,0.0181543116490166,0.0196671709531014,0.0181543116490166,0.0075642965204236,0.00907715582450832,0.010590015128593,0.0559757942511346,0.0726172465960666,0.0302571860816944,0.0287443267776097,0.048411497730711,0.00605143721633888,0.0181543116490166,0.0181543116490166,0.0121028744326778,0.0544629349470499,0.0226928895612708,0.0136157337367625,0.00302571860816944,0.0121028744326778
2676517,自营 HTC 10 炫光银 移动联通4G手机,3799,HTC,5.2,500,1200,1,1,1,730,689,24,17,2676517,44.0706436420722,0.0722135007849294,0.0392464678178964,0.0313971742543171,0.0266875981161695,0.00941915227629513,0.0125588697017268,0.010989010989011,0.0376766091051805,0.119309262166405,0.0188383045525903,0.0282574568288854,0.0502354788069074,0.0423861852433281,0.0282574568288854,0.043956043956044,0.0125588697017268,0.0612244897959184,0.0188383045525903,0.0188383045525903,0.00470957613814757,0.0251177394034537
2981912,自营 HTC Desire 830 金酪黑巧 移动联通双4G手机,1099,HTC,5.5,400,1300,0,1,1,2044,1948,48,48,2981912,33.2065868263473,0.0688622754491018,0.0359281437125748,0.0179640718562874,0.0149700598802395,0.00449101796407186,0.00449101796407186,0.0029940119760479,0.0523952095808383,0.0553892215568862,0.0479041916167665,0.0553892215568862,0.0344311377245509,0.0134730538922156,0.0389221556886228,0.029940119760479,0.0209580838323353,0.0568862275449102,0.0359281437125748,0.0164670658682635,0.00748502994011976,0.0164670658682635
3548595,自营 HTC D10w Desire 10 pro 骑士白 全网通4GB+64GB 移动联通电信4G手机 双卡双待,2599,HTC,5.5,1300,2000,1,1,0,548,484,37,27,3548595,41.7387247278383,0.12597200622084,0.0762052877138414,0.0295489891135303,0.015552099533437,0.0326594090202177,0.00933125972006221,0.015552099533437,0.0668740279937792,0.0699844479004666,0.046656298600311,0.0264385692068429,0.0855365474339036,0.0186625194401244,0.073094867807154,0.0279937791601866,0.0202177293934681,0.0279937791601866,0.0248833592534992,0.0046656298600311,0.0124416796267496,0.00622083981337481
2589808,自营 LG G5（H868）冰月银 移动联通电信4G 双卡双待,3699,LG,5.3,800,1600,1,1,1,10267,9774,249,244,2589808,50.1638954869359,0.0593824228028504,0.0142517814726841,0.0118764845605701,0.0106888361045131,0.0380047505938242,0.0273159144893112,0.00118764845605701,0.167458432304038,0.0570071258907363,0.0190023752969121,0.0308788598574822,0.0486935866983373,0.0546318289786223,0.0273159144893112,0.0486935866983373,0.00831353919239905,0.0831353919239905,0.0676959619952494,0.0190023752969121,0.0154394299287411,0.0344418052256532
2589810,自营 LG G5（H868）花漾粉 移动联通电信4G 双卡双待,3699,LG,5.3,800,1600,1,1,1,10267,9774,249,244,2589810,48.990022172949,0.057649667405765,0.0133037694013304,0.0110864745011086,0.0110864745011086,0.0365853658536585,0.0254988913525499,0.00110864745011086,0.164079822616408,0.0554323725055432,0.0188470066518847,0.0310421286031042,0.0509977827050998,0.0543237250554324,0.0288248337028825,0.0465631929046563,0.00886917960088692,0.0831485587583149,0.0665188470066519,0.0177383592017738,0.0144124168514412,0.0343680709534368
2589814,自营 LG G5（H868）流光金 移动联通电信4G 双卡双待,3599,LG,5.3,800,1600,1,1,1,10269,9775,250,244,2589814,52.6287744227353,0.0532859680284192,0.0124333925399645,0.0106571936056838,0.0142095914742451,0.0532859680284192,0.0373001776198934,0.00177619893428064,0.168738898756661,0.0497335701598579,0.0159857904085258,0.0390763765541741,0.0426287744227353,0.044404973357016,0.024866785079929,0.0532859680284192,0.0088809946714032,0.0763765541740675,0.0728241563055062,0.019538188277087,0.0177619893428064,0.0319715808170515
2589818,自营 LG G5（H868）苍穹灰 移动联通电信4G 双卡双待,3699,LG,5.3,800,1600,1,1,1,10267,9774,249,244,2589818,48.990022172949,0.057649667405765,0.0133037694013304,0.0110864745011086,0.0110864745011086,0.0365853658536585,0.0254988913525499,0.00110864745011086,0.164079822616408,0.0554323725055432,0.0188470066518847,0.0310421286031042,0.0509977827050998,0.0543237250554324,0.0288248337028825,0.0465631929046563,0.00886917960088692,0.0831485587583149,0.0665188470066519,0.0177383592017738,0.0144124168514412,0.0343680709534368
2972172,自营 LG G5 SE（H848）花漾粉 移动联通电信4G 双卡双待,2999,LG,5.3,800,1600,1,1,1,10267,9774,249,244,2972172,50.2700650759219,0.0563991323210412,0.0151843817787419,0.0108459869848156,0.0130151843817787,0.0357917570498915,0.0249457700650759,0.00325379609544469,0.164859002169197,0.0542299349240781,0.0206073752711497,0.0303687635574837,0.052060737527115,0.0553145336225597,0.0303687635574837,0.0455531453362256,0.0108459869848156,0.0835140997830803,0.06941431670282,0.017353579175705,0.0140997830802603,0.0357917570498915
2972174,自营 LG G5 SE（H848）冰月银 移动联通电信4G 双卡双待,2999,LG,5.3,800,1600,1,1,1,10267,9774,249,244,2972174,49.0493273542601,0.0560538116591928,0.0134529147982063,0.0112107623318386,0.0112107623318386,0.0369955156950673,0.0257847533632287,0.00112107623318386,0.162556053811659,0.054932735426009,0.0190582959641256,0.031390134529148,0.0504484304932735,0.0538116591928251,0.0280269058295964,0.047085201793722,0.00896860986547085,0.0829596412556054,0.0672645739910314,0.0179372197309417,0.0145739910313901,0.0358744394618834
2972184,自营 LG G5 SE（H848）流光金 移动联通电信4G 双卡双待,2999,LG,5.3,800,1600,1,1,1,10267,9774,249,244,2972184,52.664298401421,0.0515097690941385,0.0124333925399645,0.0106571936056838,0.0142095914742451,0.0532859680284192,0.0373001776198934,0.00177619893428064,0.16696269982238,0.0497335701598579,0.0159857904085258,0.0390763765541741,0.0426287744227353,0.044404973357016,0.024866785079929,0.0532859680284192,0.0088809946714032,0.0763765541740675,0.0728241563055062,0.019538188277087,0.0177619893428064,0.0337477797513321
2972186,自营 LG G5 SE（H848）苍穹灰 移动联通电信4G 双卡双待,2999,LG,5.3,800,1600,1,1,1,10269,9775,250,244,2972186,52.6153846153846,0.0524475524475524,0.0122377622377622,0.0104895104895105,0.013986013986014,0.0524475524475524,0.0367132867132867,0.00174825174825175,0.167832167832168,0.0506993006993007,0.0157342657342657,0.0384615384615385,0.0437062937062937,0.0454545454545455,0.0262237762237762,0.0524475524475524,0.00874125874125874,0.0769230769230769,0.0716783216783217,0.0192307692307692,0.0174825174825175,0.0332167832167832
2022008,自营 OPPO A33 2GB+16GB内存版 白色 移动4G手机,999,OPPO,5,500,800,0,1,0,19461,18564,566,331,2022008,18.4806451612903,0.0247311827956989,0.0236559139784946,0.010752688172043,0.00645161290322581,0.0268817204301075,0.0129032258064516,0.0139784946236559,0.0290322580645161,0.0043010752688172,0.0139784946236559,0.0505376344086022,0.0118279569892473,0.0043010752688172,0.00967741935483871,0.0139784946236559,0.0139784946236559,0.0268817204301075,0.0150537634408602,0.0129032258064516,0.00645161290322581,0.00860215053763441
2473905,自营 OPPO R9 4GB+64GB内存版 玫瑰金 全网通4G手机 双卡双待,2499,OPPO,5.5,1600,1300,1,1,1,200632,193516,3629,3487,2473905,24.1440860215054,0.0462365591397849,0.0258064516129032,0.0268817204301075,0.0161290322580645,0.0344086021505376,0.0236559139784946,0.00537634408602151,0.0225806451612903,0.010752688172043,0.0010752688172043,0.032258064516129,0.0279569892473118,0.00537634408602151,0.0129032258064516,0.0387096774193548,0.0161290322580645,0.0258064516129032,0.010752688172043,0.010752688172043,0.0021505376344086,0.00645161290322581
2848935,自营 OPPO A37 2GB+16GB内存版 玫瑰金 全网通4G手机 双卡双待,1299,OPPO,5,500,800,0,1,0,21184,20266,605,313,2848935,22.6645021645022,0.0487012987012987,0.0378787878787879,0.0270562770562771,0.0194805194805195,0.0422077922077922,0.00757575757575758,0.0151515151515152,0.0227272727272727,0.00757575757575758,0.0227272727272727,0.0227272727272727,0.025974025974026,0.00649350649350649,0.0119047619047619,0.00865800865800866,0.0108225108225108,0.0205627705627706,0.0162337662337662,0.00324675324675325,0.00541125541125541,0.00649350649350649
2951512,自营 OPPO A59 3GB+32GB内存版 玫瑰金 全网通4G手机,1799,OPPO,5.5,800,1300,1,1,0,32935,31607,801,527,2951512,23.4172043010753,0.0301075268817204,0.0258064516129032,0.0129032258064516,0.00645161290322581,0.0301075268817204,0.00752688172043011,0.0129032258064516,0.0161290322580645,0.00967741935483871,0.0182795698924731,0.032258064516129,0.0494623655913978,0.00967741935483871,0.0193548387096774,0.0172043010752688,0.00967741935483871,0.0311827956989247,0.0258064516129032,0.0129032258064516,0.00537634408602151,0.00645161290322581
3953254,自营 OPPO R9s 全网通4G+64G 双卡双待手机 黑色,2799,OPPO,5.5,1600,1600,1,1,0,22702,22091,313,298,3953254,27.162874251497,0.0562874251497006,0.0491017964071856,0.0227544910179641,0.0131736526946108,0.0467065868263473,0.00838323353293413,0.0155688622754491,0.00838323353293413,0.0155688622754491,0.00239520958083832,0.0311377245508982,0.0251497005988024,0.0167664670658683,0.0119760479041916,0.0167664670658683,0.00718562874251497,0.0227544910179641,0.00838323353293413,0.0131736526946108,0.00479041916167665,0.00838323353293413
3953282,自营 OPPO A59s 4GB+32GB内存版 玫瑰金 全网通4G手机 双卡双待,1999,OPPO,5.5,1600,1300,1,1,0,1209,1164,25,20,3953282,18.8091482649842,0.0615141955835962,0.0615141955835962,0.0315457413249211,0.0141955835962145,0.00788643533123028,0.00630914826498423,0.00157728706624606,0.0126182965299685,0.00315457413249211,0.00946372239747634,0.0189274447949527,0.0457413249211356,0.00473186119873817,0.0189274447949527,0.00946372239747634,0,0.0189274447949527,0.00946372239747634,0,0.00630914826498423,0.00630914826498423
10065238236,京东配送 vivo Y51A 高配版 全网通4G手机 双卡双待 流光白,1098,vivo,5,500,800,0,1,0,20524,19626,567,331,10065238236,20.3967741935484,0.043010752688172,0.0655913978494624,0.00645161290322581,0.00645161290322581,0.0258064516129032,0.00967741935483871,0.0010752688172043,0.021505376344086,0.00967741935483871,0.010752688172043,0.0290322580645161,0.0236559139784946,0.00752688172043011,0.0193548387096774,0.00967741935483871,0.00967741935483871,0.0193548387096774,0.00537634408602151,0.0204301075268817,0.00860215053763441,0.00645161290322581
10183487366,京东配送 vivo X6S 全网通 4GB+64GB 移动联通电信4G手机 双卡双待 金色,2298,vivo,5.2,800,1300,1,1,0,41065,39730,773,562,10183487366,18.7645161290323,0.0967741935483871,0.0483870967741935,0.00967741935483871,0.0193548387096774,0.0032258064516129,0.0032258064516129,0.0032258064516129,0.032258064516129,0.00645161290322581,0.032258064516129,0.0258064516129032,0.0354838709677419,0.0193548387096774,0.032258064516129,0.0290322580645161,0.0032258064516129,0.0129032258064516,0,0,0,0.0032258064516129
10183556899,京东配送 vivo X6SPlus 全网通 4GB+64GB 移动联通电信4G手机 双卡双待 金色,2598,vivo,5.7,800,1600,1,1,1,9975,9665,165,145,10183556899,21.9410994764398,0.0549738219895288,0.0523560209424084,0.00523560209424084,0.00523560209424084,0.0287958115183246,0.00392670157068063,0,0.0274869109947644,0.00392670157068063,0.0104712041884817,0.0274869109947644,0.0235602094240838,0.0117801047120419,0.0143979057591623,0.0327225130890052,0.00523560209424084,0.0222513089005236,0.00916230366492147,0.00392670157068063,0.00130890052356021,0.00785340314136126
10429992152,京东配送 vivo X7 全网通 4GB+64GB 移动联通电信4G手机 双卡双待 金色,2498,vivo,5.2,1600,1300,1,1,0,70305,68649,909,747,10429992152,21.61,0.058,0.052,0.019,0.006,0.006,0,0,0.014,0.014,0.01,0.016,0.038,0.028,0.016,0.018,0.004,0.016,0.006,0.002,0,0.006
10474018960,京东配送 vivo X7Plus 全网通 4GB+64GB 移动联通电信4G手机 双卡双待 金色,2798,vivo,5.7,1600,1600,1,1,0,41072,40183,493,396,10474018960,29.2795698924731,0.056989247311828,0.0483870967741935,0.0129032258064516,0.0161290322580645,0.0397849462365591,0.010752688172043,0.0010752688172043,0.0182795698924731,0.0129032258064516,0.0129032258064516,0.0236559139784946,0.0204301075268817,0.0236559139784946,0.00967741935483871,0.0354838709677419,0.010752688172043,0.0344086021505376,0.021505376344086,0.00860215053763441,0.00752688172043011,0.010752688172043
10474018961,京东配送 vivo X7Plus 全网通 4GB+64GB 移动联通电信4G手机 双卡双待 玫瑰金,2798,vivo,5.7,1600,1600,1,1,0,41072,40183,493,396,10474018961,29.4161290322581,0.056989247311828,0.0505376344086022,0.0129032258064516,0.0161290322580645,0.0397849462365591,0.010752688172043,0.0010752688172043,0.0182795698924731,0.0129032258064516,0.0129032258064516,0.0236559139784946,0.0182795698924731,0.0279569892473118,0.00967741935483871,0.0354838709677419,0.010752688172043,0.032258064516129,0.021505376344086,0.00860215053763441,0.00752688172043011,0.010752688172043
10782445805,京东配送 vivo Y55 全网通 2GB+16GB 移动联通电信4G手机 双卡双待 金色,1298,vivo,5.2,500,800,0,1,0,2401,2302,54,45,10782445805,18.2970903522205,0.0428790199081164,0.0673813169984686,0.0168453292496172,0.00918836140888208,0.00765696784073507,0.00612557427258806,0,0.00918836140888208,0.0107197549770291,0.0183767228177642,0.0214395099540582,0.0214395099540582,0.0153139356814701,0.0137825421133231,0.00612557427258806,0.00918836140888208,0.00918836140888208,0.00306278713629403,0,0.00612557427258806,0.00765696784073507
3022599,自营 ZUK Z2手机（Z2131） 3G+32G 黑色 移动联通电信4G手机 双卡双待,1599,ZUK,5,800,1300,2,2,0,8395,7797,290,308,3022599,44.602766798419,0.0820158102766798,0.0266798418972332,0.00889328063241107,0.0207509881422925,0.0256916996047431,0.0148221343873518,0.0118577075098814,0.0424901185770751,0.0968379446640316,0.0800395256916996,0.0217391304347826,0.0316205533596838,0.0128458498023715,0.0326086956521739,0.033596837944664,0.00296442687747036,0.0869565217391304,0.0177865612648221,0.00395256916996047,0.0108695652173913,0.016798418972332
3352168,自营 ZUK Z2 Pro手机（Z2121）尊享版 6G+128G 钛晶黑 移动联通电信4G手机 双卡双待,2299,ZUK,5.2,800,1300,2,2,0,25734,24381,813,540,3352168,53.0441176470588,0.0862745098039216,0.0156862745098039,0.0235294117647059,0.0235294117647059,0.0558823529411765,0.0323529411764706,0.00490196078431373,0.0558823529411765,0.136274509803922,0.0529411764705882,0.0352941176470588,0.0529411764705882,0.0411764705882353,0.053921568627451,0.0558823529411765,0.00490196078431373,0.0745098039215686,0.0392156862745098,0.0284313725490196,0.0107843137254902,0.0215686274509804
3352172,自营 ZUK Z2 Pro手机（Z2121）尊享版 6G+128G 陶瓷白 移动联通电信4G手机 双卡双待,2299,ZUK,5.2,800,1300,2,2,0,25734,24381,813,540,3352172,53.139603960396,0.0871287128712871,0.0158415841584158,0.0227722772277228,0.0237623762376238,0.0564356435643564,0.0316831683168317,0.00495049504950495,0.0564356435643564,0.137623762376238,0.0534653465346535,0.0356435643564356,0.0534653465346535,0.0415841584158416,0.0544554455445545,0.0554455445544554,0.00495049504950495,0.0752475247524752,0.0396039603960396,0.0277227722772277,0.0108910891089109,0.0217821782178218
3352192,自营 ZUK Z2手机（Z2131） 4G+64G 白色 移动联通电信4G手机 双卡双待,1799,ZUK,5,800,1300,2,2,0,8395,7797,290,308,3352192,47.5685358255452,0.0716510903426791,0.0249221183800623,0.00778816199376947,0.0264797507788162,0.0327102803738318,0.0202492211838006,0.014018691588785,0.0404984423676012,0.0856697819314642,0.0638629283489097,0.0202492211838006,0.029595015576324,0.0124610591900312,0.0264797507788162,0.0358255451713396,0.00311526479750779,0.0809968847352025,0.0171339563862928,0.00311526479750779,0.014018691588785,0.0155763239875389
3352194,自营 ZUK Z2手机（Z2131） 4G+64G 黑色 移动联通电信4G手机 双卡双待,1799,ZUK,5,800,1300,2,2,0,8396,7798,290,308,3352194,47.745253164557,0.0727848101265823,0.0253164556962025,0.00791139240506329,0.0253164556962025,0.0332278481012658,0.0205696202531646,0.0142405063291139,0.0411392405063291,0.0870253164556962,0.0617088607594937,0.0205696202531646,0.0300632911392405,0.0126582278481013,0.0268987341772152,0.0363924050632911,0.00316455696202532,0.0791139240506329,0.0158227848101266,0.00316455696202532,0.0142405063291139,0.0158227848101266
3352196,自营 ZUK Z2手机（Z2131） 3G+32G 白色 移动联通电信4G手机 双卡双待,1199,ZUK,5,800,1300,2,2,1,8396,7798,290,308,3352196,44.7701612903226,0.0836693548387097,0.0272177419354839,0.00907258064516129,0.0211693548387097,0.0262096774193548,0.0151209677419355,0.0120967741935484,0.0433467741935484,0.0977822580645161,0.0766129032258065,0.0221774193548387,0.032258064516129,0.0131048387096774,0.0332661290322581,0.0342741935483871,0.0030241935483871,0.0836693548387097,0.0171370967741935,0.00403225806451613,0.0110887096774194,0.0171370967741935
3352198,自营 ZUK Z2 Pro 旗舰版 4G+64G 陶瓷白 移动联通电信4G手机 双卡双待,2299,ZUK,5.2,800,1300,2,2,1,25734,24381,813,540,3352198,53.259,0.087,0.016,0.022,0.024,0.057,0.032,0.005,0.057,0.138,0.054,0.036,0.054,0.042,0.055,0.055,0.005,0.076,0.038,0.028,0.011,0.022
10285129720,ZUK z1221 4G手机 双卡双待 白色 全网通(3G RAM+64G ROM) 标配,1199,ZUK,5.5,800,1300,2,1,0,135,122,3,10,10285129720,22.5541666666667,0.0541666666666667,0.0416666666666667,0.0166666666666667,0.00833333333333333,0.0166666666666667,0.0125,0,0.025,0.025,0.0833333333333333,0.0583333333333333,0.05,0,0.025,0.025,0,0.0166666666666667,0,0.0125,0.00416666666666667,0.00833333333333333
10290135786,ZUK Z1(Z1221) 4G手机 双卡双待 白色 全网通(3G RAM+64G ROM) 标配,1199,ZUK,5.5,800,1300,1,1,1,126,116,3,7,10290135786,20.863436123348,0.0176211453744493,0.026431718061674,0.00440528634361234,0,0.013215859030837,0,0,0.0352422907488987,0.0440528634361234,0.0616740088105727,0.00881057268722467,0.0176211453744493,0.00881057268722467,0.0352422907488987,0,0.00881057268722467,0.0352422907488987,0.00881057268722467,0.00440528634361234,0,0
10298652144,ZUK Z2 Pro 4G手机 双卡双待 陶瓷白 全网通尊享版(6G RAM+128G ROM),2288,ZUK,5.2,800,1300,2,1,0,242,230,6,6,10298652144,25.9475982532751,0.0698689956331878,0.0698689956331878,0,0.00436681222707424,0.0152838427947598,0.00873362445414847,0,0.0327510917030568,0.0873362445414847,0.0262008733624454,0.00436681222707424,0.0436681222707424,0.0283842794759825,0.0393013100436681,0.0218340611353712,0,0.0262008733624454,0.00873362445414847,0.00655021834061135,0.00873362445414847,0.00873362445414847
10522477105,ZUK Z2 手机 象牙白 全网通( 4 GAM + 64 ROM )套餐版,1809,ZUK,5,800,1300,2,1,1,34,33,0,1,10522477105,32.2222222222222,0.158730158730159,0.0317460317460317,0.0317460317460317,0.0317460317460317,0.0317460317460317,0,0,0.0317460317460317,0.0952380952380952,0.126984126984127,0.0952380952380952,0.0317460317460317,0.0634920634920635,0,0,0,0.0317460317460317,0,0,0,0
10524487393,ZUK Z2 Pro 移动联通电信4G手机 双卡双待 陶瓷白 尊享版(6G RAM+128G ROM)标配,2288,ZUK,5.2,800,1300,1,1,0,21,19,0,2,10524487393,30.1764705882353,0.117647058823529,0,0,0.0588235294117647,0,0,0,0,0.0588235294117647,0,0,0.0588235294117647,0.0588235294117647,0.0588235294117647,0,0,0,0.0588235294117647,0,0,0
10547388652,ZUK Z2 手机 陶瓷白 全网通(4G RAM+64G ROM) 标配,1799,ZUK,5,800,1300,2,1,1,3,3,0,0,10547388652,8.5,0,0.5,0,0,0,0,0,0,0,0,0,0,0,0,0,0,0,0,0,0,0
10605170372,ZUK Z2手机 黑色 全网通4G(4GRAM+64GROM)标配,1799,ZUK,5,800,1300,1,1,0,78,73,3,2,10605170372,30.7642857142857,0.1,0.0928571428571429,0.0142857142857143,0,0.0142857142857143,0,0,0.0428571428571429,0.114285714285714,0.0714285714285714,0.0357142857142857,0.0571428571428571,0,0.0142857142857143,0.0285714285714286,0,0.0571428571428571,0,0.0428571428571429,0,0.0142857142857143
10609226332,ZUK Z2 4G手机 双卡双待 钛晶黑 全网通(4G RAM+64G ROM),1799,ZUK,5,800,1300,2,1,0,2,2,0,0,10609226332,57,0,0,0,0,0,0,0,0,0,0,0,0,0,0,0,0,0,1,0,0,0
10692397315,ZUK Z2 Pro 4G手机 双卡双待 钛晶黑 全网通4G (6G RAM+128G ROM),2399,ZUK,5.2,800,1300,1,1,0,1,1,0,0,10692397315,3,0,0,0,0,0,0,0,0,0,0,0,0,0,0,0,0,0,0,0,0,0
10835957256,ZUK Z1 手机 白色 全网通(3G RAM+64G ROM)标配版,1149,ZUK,5.5,800,1300,1,1,1,3,3,0,0,10835957256,14,0,0,0,0,0,0,0,0,0,0,0,0,0,0,0,0,0,0,0,0,0
3280467,自营 锤子 M1L（SM919）6GB+64GB 咖啡金 全金属边框 全网通 双卡双待 移动联通电信4G手机,2999,锤子（smartisan）,5.7,400,2300,1,1,0,7896,7702,81,113,3280467,47.4850393700787,0.0566929133858268,0.0188976377952756,0.0125984251968504,0.0283464566929134,0.0110236220472441,0.0047244094488189,0,0.0488188976377953,0.207874015748031,0.0125984251968504,0.0094488188976378,0.0503937007874016,0.0440944881889764,0.0220472440944882,0.031496062992126,0.0047244094488189,0.0425196850393701,0.0031496062992126,0.0094488188976378,0.0031496062992126,0.0220472440944882
3280471,自营 锤子 M1（SM901）4GB+32GB 咖啡金 全金属边框 全网通 双卡双待 移动联通电信4G手机,2499,锤子（smartisan）,5.15,400,2300,1,1,0,7896,7702,81,113,3280471,38.7001594896332,0.0287081339712919,0.0223285486443381,0.00637958532695375,0.0287081339712919,0.0175438596491228,0,0.00318979266347687,0.0271132376395534,0.148325358851675,0.0191387559808612,0.0318979266347687,0.0845295055821372,0.0637958532695375,0.0127591706539075,0.025518341307815,0.00159489633173844,0.0303030303030303,0,0.0175438596491228,0,0.0239234449760766
3280487,自营 锤子 M1（SM901）4GB+32GB 白色 全金属边框 全网通 双卡双待 移动联通电信4G手机,2499,锤子（smartisan）,5.15,400,2300,1,1,0,7896,7702,81,113,3280487,44.0914454277286,0.0663716814159292,0.0383480825958702,0.0176991150442478,0.0530973451327434,0.0206489675516224,0.0117994100294985,0.00442477876106195,0.0324483775811209,0.13716814159292,0.0176991150442478,0.0353982300884956,0.0383480825958702,0.0501474926253687,0.0294985250737463,0.0353982300884956,0.00442477876106195,0.0353982300884956,0.00589970501474926,0.0117994100294985,0.00442477876106195,0.0117994100294985
3710184,自营 锤子 M1L（SM919）4GB+32GB 咖啡金 全金属边框 全网通 双卡双待 移动联通电信4G手机,2799,锤子（smartisan）,5.15,400,2300,1,1,0,7896,7702,81,113,3710184,31.5902335456476,0.0382165605095541,0.0339702760084926,0.0127388535031847,0.0169851380042463,0,0,0,0.0318471337579618,0.118895966029724,0.0127388535031847,0.029723991507431,0.0424628450106157,0.0127388535031847,0.0169851380042463,0.0212314225053079,0.00424628450106157,0.0403397027600849,0.00424628450106157,0,0.00849256900212314,0.0169851380042463
3710218,自营 锤子 M1L（SM919）6GB+64GB 白色 全金属边框 全网通 双卡双待 移动联通电信4G手机,2999,锤子（smartisan）,5.7,400,2300,1,1,0,7896,7702,81,113,3710218,31.0267379679144,0.0441176470588235,0.0213903743315508,0.0240641711229947,0.0160427807486631,0,0.00802139037433155,0,0.018716577540107,0.144385026737968,0.0200534759358289,0.00401069518716578,0.0240641711229947,0.0227272727272727,0.00802139037433155,0.0133689839572193,0.00267379679144385,0.017379679144385,0.00267379679144385,0.00401069518716578,0,0.0147058823529412
3865060,自营 锤子M1L（SM919）6GB+64GB 不锈钢边框 全网通 双卡双待 全网通 双卡双待 移动联通电信4G手机,3299,锤子（smartisan）,5.7,400,2300,1,1,0,7896,7702,81,113,3865060,44.1681415929204,0.0648967551622419,0.0368731563421829,0.0147492625368732,0.0530973451327434,0.0206489675516224,0.0117994100294985,0.00442477876106195,0.0324483775811209,0.14306784660767,0.0206489675516224,0.0353982300884956,0.0383480825958702,0.0501474926253687,0.0294985250737463,0.0353982300884956,0.00442477876106195,0.0353982300884956,0.00589970501474926,0.0117994100294985,0.00442477876106195,0.0147492625368732
1858981,自营 飞利浦 E380 夜光黑 移动联通2G手机 双卡双待,539,飞利浦（PHILIPS）,3.27,0,200,0,0,0,2085,1954,68,63,1858981,19.6549210206561,0.0145808019441069,0.0461725394896719,0.0145808019441069,0.00850546780072904,0.0170109356014581,0.00972053462940462,0.00243013365735115,0.0352369380315917,0.0109356014580802,0.0133657351154313,0.0510328068043742,0.0157958687727825,0.0194410692588092,0,0.00729040097205346,0.0328068043742406,0.0170109356014581,0.00243013365735115,0.00850546780072904,0.00607533414337789,0
1984558,自营 飞利浦 V526 海军蓝 移动联通双4G手机 双卡双待,529,飞利浦（PHILIPS）,5,200,1300,0,1,0,957,851,47,59,1984558,21.630689206762,0.0325097529258778,0.035110533159948,0.0143042912873862,0.00910273081924577,0.00910273081924577,0.00260078023407022,0.00390117035110533,0.187256176853056,0.0143042912873862,0.0377113133940182,0.0338101430429129,0.0156046814044213,0.0156046814044213,0.0195058517555267,0.035110533159948,0.0104031209362809,0.0195058517555267,0,0.00650195058517555,0.0195058517555267,0.0169050715214564
3102626,自营 飞利浦 V800 流沙金 移动联通双4G翻盖手机 双卡双待,1799,飞利浦（PHILIPS）,3.7,500,1300,0,1,1,107,97,6,4,3102626,30.8033707865169,0.0449438202247191,0.0449438202247191,0,0.0224719101123595,0.0168539325842697,0.0280898876404494,0.0112359550561798,0.0561797752808989,0.0449438202247191,0.0224719101123595,0.0449438202247191,0.0674157303370786,0.0224719101123595,0.0112359550561798,0.0168539325842697,0,0.0337078651685393,0,0,0,0.0337078651685393
3326786,自营 飞利浦 X586 皎月白 全网通 移动联通电信4G手机 双卡双待,998,飞利浦（PHILIPS）,5,500,1300,1,1,1,131,108,15,8,3326786,29.9375,0.0491071428571429,0.0446428571428571,0.0625,0.0357142857142857,0.0133928571428571,0.00892857142857143,0.00892857142857143,0.0669642857142857,0.0669642857142857,0.0535714285714286,0.0714285714285714,0.0267857142857143,0.0267857142857143,0.0758928571428571,0.0178571428571429,0.00892857142857143,0.0267857142857143,0,0.0133928571428571,0,0.00892857142857143
3486566,自营 飞利浦 X818 香槟金 全网通4G手机 双卡双待,1998,飞利浦（PHILIPS）,5.5,800,1600,1,1,1,203,183,9,11,3486566,39.9651474530831,0.0884718498659517,0.0589812332439678,0.0241286863270777,0.0160857908847185,0.0214477211796247,0.00804289544235925,0.00536193029490617,0.195710455764075,0.0697050938337802,0.0428954423592493,0.0563002680965147,0.101876675603217,0.0348525469168901,0.064343163538874,0.032171581769437,0.0107238605898123,0.0884718498659517,0.032171581769437,0.0375335120643432,0.0107238605898123,0.032171581769437
1592291,自营 华为 C8818 黑 电信4G手机,588,华为（HUAWEI）,5,500,1300,0,1,0,21964,20847,719,398,1592291,27.5086021505376,0.0655913978494624,0.0440860215053763,0.0344086021505376,0.0032258064516129,0.0333333333333333,0.0193548387096774,0.0150537634408602,0.0139784946236559,0.0204301075268817,0.0440860215053763,0.0419354838709677,0.021505376344086,0.0161290322580645,0.00967741935483871,0.0161290322580645,0.0172043010752688,0.0268817204301075,0.00967741935483871,0.0161290322580645,0.0258064516129032,0.0118279569892473
1617039,自营 华为 荣耀 畅玩4X 白色 移动4G手机 双卡双待,599,华为（HUAWEI）,5.5,500,1300,0,1,0,442124,429126,8042,4956,1617039,22.5978494623656,0.0376344086021505,0.0301075268817204,0.0333333333333333,0.0150537634408602,0.0290322580645161,0.00860215053763441,0.0193548387096774,0.0118279569892473,0.0182795698924731,0.021505376344086,0.0408602150537634,0.0172043010752688,0.0043010752688172,0.010752688172043,0.0182795698924731,0.00645161290322581,0.0451612903225806,0.0182795698924731,0.00752688172043011,0.00752688172043011,0.00752688172043011
1684485,自营 荣耀7 (PLK-AL10) 3GB+64GB内存版 荣耀金 移动联通电信4G手机 双卡双待双通,1599,华为（HUAWEI）,5.2,800,2000,1,1,0,414634,402778,7048,4808,1684485,26.6860215053763,0.0752688172043011,0.0279569892473118,0.0236559139784946,0.0408602150537634,0.0376344086021505,0.0225806451612903,0.0161290322580645,0.0354838709677419,0.0139784946236559,0.0258064516129032,0.0591397849462366,0.0236559139784946,0.0139784946236559,0.0161290322580645,0.0279569892473118,0.00752688172043011,0.0172043010752688,0.0365591397849462,0.0150537634408602,0.010752688172043,0.00967741935483871
1748005,自营 华为 麦芒4 晨曦金 移动联通电信4G手机 双卡双待,1699,华为（HUAWEI）,5.5,500,1300,1,1,0,60233,57927,1351,955,1748005,31.6076923076923,0.0524475524475524,0.0482517482517483,0.0391608391608392,0.0216783216783217,0.0272727272727273,0.0188811188811189,0.0132867132867133,0.0195804195804196,0.020979020979021,0.027972027972028,0.0552447552447552,0.0300699300699301,0.00909090909090909,0.013986013986014,0.0202797202797203,0.013986013986014,0.0314685314685315,0.00909090909090909,0.0146853146853147,0.00769230769230769,0.0146853146853147
2035589,自营 华为 G7 Plus 香槟银 移动4G手机 双卡双待,1099,华为（HUAWEI）,5.5,500,1300,1,1,0,18074,17261,455,358,2035589,26.7150537634409,0.0365591397849462,0.0462365591397849,0.0129032258064516,0.0129032258064516,0.0268817204301075,0.0139784946236559,0.0182795698924731,0.010752688172043,0.0150537634408602,0.0247311827956989,0.0311827956989247,0.0483870967741935,0.0032258064516129,0.0247311827956989,0.0129032258064516,0.010752688172043,0.0387096774193548,0.00645161290322581,0.00860215053763441,0.00967741935483871,0.0204301075268817
2174898,自营 华为 Mate 8 3GB+32GB版 月光银 移动联通电信4G手机 双卡双待,2799,华为（HUAWEI）,6,800,1600,1,1,1,58717,57638,602,477,2174898,36.1677419354839,0.0806451612903226,0.0440860215053763,0.0236559139784946,0.021505376344086,0.0440860215053763,0.0333333333333333,0.0258064516129032,0.0118279569892473,0.0268817204301075,0.0204301075268817,0.0397849462365591,0.010752688172043,0.0236559139784946,0.021505376344086,0.0247311827956989,0.0139784946236559,0.0774193548387097,0.00860215053763441,0.0204301075268817,0.00645161290322581,0.00967741935483871
2203531,自营 荣耀 畅玩5X 3GB内存版 落日金 移动联通电信4G手机 双卡双待,1099,华为（HUAWEI）,5.5,500,1300,1,1,0,319261,312582,3929,2750,2203531,26.7161290322581,0.0483870967741935,0.0311827956989247,0.0236559139784946,0.0182795698924731,0.0333333333333333,0.0161290322580645,0.00967741935483871,0.0139784946236559,0.0225806451612903,0.0247311827956989,0.0397849462365591,0.00967741935483871,0.0118279569892473,0.021505376344086,0.0172043010752688,0.00967741935483871,0.0225806451612903,0.0290322580645161,0.00752688172043011,0.00537634408602151,0.0118279569892473
2249594,自营 华为 畅享5S 金色 移动联通电信4G手机 双卡双待,1099,华为（HUAWEI）,5,500,1300,1,1,1,190443,181936,5016,3491,2249594,24.2763440860215,0.032258064516129,0.0236559139784946,0.010752688172043,0.00537634408602151,0.0311827956989247,0.010752688172043,0.0118279569892473,0.0473118279569892,0.0150537634408602,0.0279569892473118,0.0494623655913978,0.00967741935483871,0.0161290322580645,0.00752688172043011,0.0247311827956989,0.0161290322580645,0.0279569892473118,0.0354838709677419,0.0139784946236559,0.0139784946236559,0.00537634408602151
2471202,自营 华为 Mate S 臻享版 32GB 极昼金 移动联通4G手机 双卡双待,1899,华为（HUAWEI）,5.5,800,1300,1,2,0,21821,21020,451,350,2471202,32.5612903225806,0.0473118279569892,0.0494623655913978,0.0258064516129032,0.0419354838709677,0.0268817204301075,0.0247311827956989,0.010752688172043,0.0602150537634409,0.0247311827956989,0.0473118279569892,0.0473118279569892,0.0268817204301075,0.00752688172043011,0.0193548387096774,0.0150537634408602,0.00752688172043011,0.0279569892473118,0.0129032258064516,0.00645161290322581,0.0268817204301075,0.0118279569892473
2600210,自营 华为 P9 全网通 3GB+32GB版 流光金 移动联通电信4G手机 双卡双待,3188,华为（HUAWEI）,5.2,800,1200,1,1,1,24882,24305,330,247,2600210,30.2784222737819,0.0614849187935035,0.04292343387471,0.0406032482598608,0.0232018561484919,0.0324825986078886,0.00928074245939675,0.0243619489559165,0.0243619489559165,0.0150812064965197,0.00928074245939675,0.0475638051044084,0.0278422273781903,0.0266821345707657,0.0255220417633411,0.0197215777262181,0.00696055684454756,0.0394431554524362,0.00580046403712297,0.00812064965197216,0.00928074245939675,0.0185614849187935
2600219,自营 荣耀7i 3GB内存DM定制版 日曜金 移动联通电信4G手机 双卡双待,1299,华为（HUAWEI）,5.2,1300,1300,1,1,0,72524,68790,2192,1542,2600219,26.5688172043011,0.0623655913978495,0.0365591397849462,0.0182795698924731,0.0193548387096774,0.032258064516129,0.0032258064516129,0.0129032258064516,0.0161290322580645,0.0204301075268817,0.0236559139784946,0.032258064516129,0.0333333333333333,0.0043010752688172,0.0268817204301075,0.0193548387096774,0.010752688172043,0.0236559139784946,0.043010752688172,0.00645161290322581,0.00860215053763441,0.0139784946236559
2600240,自营 华为 P9 plus 64GB 琥珀金 移动联通电信4G手机 双卡双待,3988,华为（HUAWEI）,5.5,800,1200,1,1,1,39288,38527,411,350,2600240,35.9964912280702,0.0631578947368421,0.0298245614035088,0.0254385964912281,0.0350877192982456,0.0394736842105263,0.0315789473684211,0.0175438596491228,0.0105263157894737,0.0298245614035088,0.0149122807017544,0.0403508771929825,0.0289473684210526,0.0236842105263158,0.0140350877192982,0.0228070175438597,0.0087719298245614,0.0473684210526316,0.00526315789473684,0.0087719298245614,0.012280701754386,0.00789473684210526
2600254,自营 华为 P9 全网通 3GB+32GB版 钛银灰 移动联通电信4G手机 双卡双待,3188,华为（HUAWEI）,5.2,800,1200,1,1,1,12539,12236,170,133,2600254,30.9866131191432,0.0508701472556894,0.0374832663989291,0.0147255689424364,0.0214190093708166,0.034805890227577,0.0160642570281124,0.0107095046854083,0.0240963855421687,0.0174029451137885,0.0133868808567604,0.0267737617135207,0.0334672021419009,0.0214190093708166,0.0160642570281124,0.0254350736278447,0.00401606425702811,0.0294511378848728,0.00669344042838019,0.00267737617135207,0.0160642570281124,0.0107095046854083
2878295,自营 荣耀 畅玩5C 2GB+16GB 太空银 移动4G手机 双卡双待,799,华为（HUAWEI）,5.2,800,1300,1,1,0,139741,136872,1632,1237,2878295,32.0397849462366,0.0483870967741935,0.0483870967741935,0.0236559139784946,0.0182795698924731,0.0623655913978495,0.00752688172043011,0.00860215053763441,0.0247311827956989,0.0161290322580645,0.0365591397849462,0.0612903225806452,0.010752688172043,0.0172043010752688,0.0172043010752688,0.0118279569892473,0.0043010752688172,0.0311827956989247,0.0204301075268817,0.0043010752688172,0.00537634408602151,0.0021505376344086
2888228,自营 荣耀 V8 全网通 高配版 4GB+64GB 香槟金 移动联通电信4G手机 双卡双待双通,2599,华为（HUAWEI）,5.7,800,1200,1,1,0,181840,176630,2668,2542,2888228,41.8634408602151,0.0645161290322581,0.0440860215053763,0.0247311827956989,0.0161290322580645,0.056989247311828,0.0150537634408602,0.00752688172043011,0.0225806451612903,0.0301075268817204,0.021505376344086,0.043010752688172,0.0301075268817204,0.0150537634408602,0.021505376344086,0.0236559139784946,0.0043010752688172,0.0548387096774194,0.0559139784946237,0.0032258064516129,0.00537634408602151,0.00967741935483871
2896128,自营 荣耀 V8 全网通 标准版 4GB+32GB 冰河银 移动联通电信4G手机 双卡双待双通,2299,华为（HUAWEI）,5.7,800,1200,1,1,0,378,370,4,4,2896128,25.6682692307692,0.0961538461538462,0.0608974358974359,0.0256410256410256,0.032051282051282,0.00320512820512821,0,0,0.0224358974358974,0.0544871794871795,0.0256410256410256,0.0737179487179487,0.0448717948717949,0.0224358974358974,0.0512820512820513,0.0128205128205128,0,0.0625,0.0016025641025641,0.00641025641025641,0.00320512820512821,0.00641025641025641
2962511,自营 华为 G9 Plus 32GB 铂雅金 移动联通4G手机 双卡双待,2399,华为（HUAWEI）,5.5,800,1600,1,1,1,1057,1032,11,14,2962511,17.7844914400806,0.0664652567975831,0.0221550855991944,0.0342396777442095,0.0181268882175227,0.00604229607250755,0.00704934541792548,0.00302114803625378,0.013091641490433,0.0100704934541793,0.0261832829808661,0.027190332326284,0.0443101711983887,0.0120845921450151,0.0302114803625378,0.0040281973816717,0.0040281973816717,0.0443101711983887,0.0040281973816717,0.00201409869083585,0.0080563947633434,0.0080563947633434
2967927,自营 荣耀8 4GB+32GB 全网通4G手机 魅海蓝,2299,华为（HUAWEI）,5.2,800,1200,1,2,1,179422,175742,1962,1718,2967927,36.9817204301075,0.0806451612903226,0.0537634408602151,0.0236559139784946,0.0247311827956989,0.0483870967741935,0.00967741935483871,0.021505376344086,0.0193548387096774,0.032258064516129,0.0118279569892473,0.0301075268817204,0.0354838709677419,0.0129032258064516,0.0204301075268817,0.0139784946236559,0.0021505376344086,0.0344086021505376,0.0290322580645161,0.00537634408602151,0.0032258064516129,0.0150537634408602
3133498,自营 荣耀 畅玩5A 白色 移动4G手机 双卡双待,699,华为（HUAWEI）,5.5,800,1300,0,1,0,100599,98347,1447,805,3133498,25.1290322580645,0.0612903225806452,0.0505376344086022,0.0172043010752688,0.0129032258064516,0.0333333333333333,0.00967741935483871,0.0236559139784946,0.021505376344086,0.0032258064516129,0.0279569892473118,0.0526881720430108,0.0043010752688172,0.00752688172043011,0.00967741935483871,0.0182795698924731,0.0182795698924731,0.0440860215053763,0.0161290322580645,0.0139784946236559,0.00645161290322581,0.010752688172043
3169118,自营 华为 P9 全网通 4GB+64GB版 金色 移动联通电信4G手机 双卡双待,3688,华为（HUAWEI）,5.2,800,1200,1,1,1,29243,28622,350,271,3169118,34.0652680652681,0.0745920745920746,0.0221445221445221,0.0326340326340326,0.0256410256410256,0.034965034965035,0.0244755244755245,0.034965034965035,0.0396270396270396,0.0384615384615385,0.0034965034965035,0.0442890442890443,0.027972027972028,0.0221445221445221,0.013986013986014,0.0221445221445221,0.00699300699300699,0.0594405594405594,0.00466200466200466,0.013986013986014,0.0104895104895105,0.00815850815850816
3234250,自营 华为 麦芒5 全网通 4GB+64GB版 香槟金 移动联通电信4G手机 双卡双待,2599,华为（HUAWEI）,5.5,800,1600,1,1,1,20825,20317,276,232,3234250,29.333729216152,0.0605700712589074,0.0296912114014252,0.0273159144893112,0.0273159144893112,0.0344418052256532,0.0166270783847981,0.0106888361045131,0.0166270783847981,0.0237529691211401,0.0225653206650831,0.0724465558194774,0.0273159144893112,0.00950118764845606,0.0213776722090261,0.00475059382422803,0.00356294536817102,0.0617577197149644,0.00475059382422803,0.00593824228028504,0.0118764845605701,0.00712589073634204
3355143,自营 华为 HUAWEI nova 4GB+64GB版 香槟金（白）移动联通电信4G手机 双卡双待,2399,华为（HUAWEI）,5,800,1200,1,1,1,6772,6596,93,83,3355143,23.9338235294118,0.0838235294117647,0.0308823529411765,0.0308823529411765,0.0132352941176471,0.00882352941176471,0.00294117647058824,0.00735294117647059,0.0161764705882353,0.0294117647058824,0.0220588235294118,0.025,0.0397058823529412,0.0235294117647059,0.0308823529411765,0.00588235294117647,0.00735294117647059,0.0338235294117647,0.0102941176470588,0.00882352941176471,0.00735294117647059,0.00294117647058824
3367822,自营 荣耀 NOTE 8 4GB+64GB 全网通4G手机 铂光金,2499,华为（HUAWEI）,6.6,800,1300,1,1,0,35319,34480,478,361,3367822,34.6608695652174,0.0619565217391304,0.033695652173913,0.0326086956521739,0.0315217391304348,0.0489130434782609,0.0184782608695652,0.0228260869565217,0.0260869565217391,0.0184782608695652,0.016304347826087,0.0347826086956522,0.0173913043478261,0.0195652173913043,0.0315217391304348,0.0184782608695652,0.00217391304347826,0.180434782608696,0.0402173913043478,0.00869565217391304,0.0130434782608696,0.016304347826087
3369078,自营 荣耀 畅玩5 2GB+16GB 白色 移动4G手机 双卡双待,599,华为（HUAWEI）,5,200,800,0,1,0,34246,33829,238,179,3369078,21.7980769230769,0.0662393162393162,0.0459401709401709,0.0502136752136752,0.0128205128205128,0.0138888888888889,0.00641025641025641,0,0.0245726495726496,0.00747863247863248,0.0694444444444444,0.0715811965811966,0.00961538461538462,0.00854700854700855,0.00747863247863248,0.00320512820512821,0.00534188034188034,0.014957264957265,0.00854700854700855,0.00641025641025641,0.00534188034188034,0.00747863247863248
3385376,自营 华为 G9 青春版 玫瑰金 移动联通电信4G手机 双卡双待,1599,华为（HUAWEI）,5.2,800,1300,1,1,0,28274,26981,792,501,3385376,30.0258064516129,0.0516129032258065,0.0225806451612903,0.0193548387096774,0.0129032258064516,0.0311827956989247,0.0161290322580645,0.0118279569892473,0.0376344086021505,0.0225806451612903,0.0311827956989247,0.0354838709677419,0.0440860215053763,0.0118279569892473,0.0193548387096774,0.0290322580645161,0.0118279569892473,0.0268817204301075,0.010752688172043,0.0204301075268817,0.00645161290322581,0.0129032258064516
3458001,自营 华为 Mate 9 4GB+64GB版 香槟金 移动联通电信4G手机 双卡双待,3899,华为（HUAWEI）,5.9,800,2000,1,1,0,11617,11386,113,118,3458001,34.2012288786482,0.152073732718894,0.0491551459293395,0.043010752688172,0.0368663594470046,0.0168970814132104,0.00614439324116743,0.00460829493087558,0.0384024577572965,0.0568356374807988,0.0245775729646697,0.0368663594470046,0.0476190476190476,0.0368663594470046,0.0552995391705069,0.0138248847926267,0.00614439324116743,0.0552995391705069,0.00768049155145929,0.0184331797235023,0.00153609831029186,0.00307219662058372
3458013,自营 华为 Mate 9 4GB+32GB版 月光银 移动联通电信4G手机 双卡双待（会员Plus）,3399,华为（HUAWEI）,5.9,800,2000,1,1,0,16,16,0,0,3458013,43.5,0.333333333333333,0.166666666666667,0,0.166666666666667,0,0,0,0,0.166666666666667,0,0,0.5,0,0.333333333333333,0,0,0,0,0,0,0
3888216,自营 华为 畅享6 金色 移动联通电信4G手机 双卡双待,1299,华为（HUAWEI）,5,500,1300,1,1,0,3419,3285,78,56,3888216,21.4701378254211,0.0704441041347626,0.0444104134762634,0.0290964777947933,0.0153139356814701,0.0137825421133231,0.00153139356814701,0.00612557427258806,0.0382848392036753,0.00918836140888208,0.0214395099540582,0.0444104134762634,0.0183767228177642,0.00918836140888208,0.00918836140888208,0,0.0107197549770291,0.0367534456355283,0.0245022970903522,0.00765696784073507,0.00459418070444104,0.00306278713629403
10532651102,荣耀 畅玩5 高配版 手机 金色 移动4G (2G RAM+16G ROM) 标配版,597,华为（HUAWEI）,5,200,800,0,1,0,5326,4969,182,175,10532651102,18.8786717752235,0.0319284802043423,0.0408684546615581,0.00766283524904215,0.0127713920817369,0.033205619412516,0.00510855683269476,0,0.0408684546615581,0.00383141762452107,0.0102171136653895,0.0446998722860792,0.0280970625798212,0.00383141762452107,0.00893997445721584,0.00766283524904215,0.00383141762452107,0.0191570881226054,0.0217113665389527,0.00255427841634738,0.0127713920817369,0.0268199233716475
1710077,自营 金立 F103 韵银白 移动4G手机 双卡双待,799,金立（Gionee）,5,500,800,0,1,1,2223,2028,123,72,1710077,14.6595744680851,0.0412234042553191,0.0319148936170213,0.0212765957446809,0.00398936170212766,0.00664893617021277,0.011968085106383,0.00531914893617021,0.0159574468085106,0.00265957446808511,0.0279255319148936,0.011968085106383,0.00930851063829787,0.00265957446808511,0.0106382978723404,0.0146276595744681,0.00797872340425532,0.00930851063829787,0.00531914893617021,0.00265957446808511,0.00265957446808511,0.00664893617021277
2259491,自营 金立 金钢GN5001S 爵士金 移动联通电信4G手机 双卡双待,999,金立（Gionee）,5,500,800,0,1,1,6164,5763,247,154,2259491,23.163967611336,0.034412955465587,0.0445344129554656,0.0182186234817814,0.01417004048583,0.0182186234817814,0.0121457489878543,0.00809716599190283,0.0951417004048583,0.0101214574898785,0.0101214574898785,0.0566801619433198,0.00607287449392713,0.00809716599190283,0.01417004048583,0.0182186234817814,0.0182186234817814,0.0263157894736842,0.0303643724696356,0.0161943319838057,0.00607287449392713,0.00809716599190283
2493221,自营 金立 S8 玫瑰金 移动联通电信4G手机 双卡双待,2299,金立（Gionee）,5.5,800,1600,1,1,1,760,707,35,18,2493221,23.0932568149211,0.0516499282639885,0.0344332855093257,0.0114777618364419,0.00573888091822095,0.00573888091822095,0.00286944045911047,0.00286944045911047,0.0502152080344333,0.0315638450502152,0.0229555236728838,0.0315638450502152,0.0401721664275466,0.0459110473457676,0.0373027259684362,0.0215208034433286,0.00717360114777618,0.0387374461979914,0.00430416068866571,0.0373027259684362,0.00143472022955524,0.0129124820659971
2493227,自营 金立 S8 闪耀金 移动联通电信4G手机 双卡双待,2299,金立（Gionee）,5.5,800,1600,1,1,1,760,707,35,18,2493227,23.0932568149211,0.0516499282639885,0.0344332855093257,0.0114777618364419,0.00573888091822095,0.00573888091822095,0.00286944045911047,0.00286944045911047,0.0502152080344333,0.0315638450502152,0.0229555236728838,0.0315638450502152,0.0401721664275466,0.0459110473457676,0.0373027259684362,0.0215208034433286,0.00717360114777618,0.0387374461979914,0.00430416068866571,0.0373027259684362,0.00143472022955524,0.0129124820659971
2493326,自营 金立 天鉴 W909 金色 移动联通电信4G手机 双卡双待,3999,金立（Gionee）,4.2,500,1600,1,1,1,1565,1484,39,42,2493326,20.3521681997372,0.0275952693823916,0.0420499342969777,0.0105124835742444,0.0236530880420499,0.011826544021025,0.00525624178712221,0.0026281208935611,0.0591327201051248,0.0144546649145861,0.00525624178712221,0.0367936925098555,0.0341655716162943,0.011826544021025,0.0131406044678055,0.00394218134034166,0.0026281208935611,0.00919842312746386,0.0105124835742444,0.0394218134034166,0.00131406044678055,0.00657030223390276
2889576,自营 金立 F100 韵银白 移动4G手机 双卡双待,599,金立（Gionee）,5,200,500,0,1,1,2811,2614,118,79,2889576,15.5970937912814,0.0449141347424042,0.0422721268163804,0.0105680317040951,0.00264200792602378,0.00792602377807133,0.00264200792602378,0.00396301188903567,0.011889035667107,0.00792602377807133,0.0250990752972259,0.0501981505944518,0.0290620871862616,0.0132100396301189,0.00924702774108322,0.00396301188903567,0.0105680317040951,0.011889035667107,0.00396301188903567,0.00528401585204756,0.00264200792602378,0.00396301188903567
2889614,自营 金立 F100 雪金白 移动4G手机 双卡双待,599,金立（Gionee）,5,200,500,0,1,1,2811,2614,118,79,2889614,15.6284224250326,0.045632333767927,0.0417209908735332,0.0117340286831812,0.00260756192959583,0.00782268578878748,0.00260756192959583,0.00391134289439374,0.0117340286831812,0.00782268578878748,0.0247718383311604,0.0495436766623207,0.0286831812255541,0.0130378096479791,0.0091264667535854,0.00391134289439374,0.0104302477183833,0.0117340286831812,0.00391134289439374,0.00521512385919166,0.00260756192959583,0.00391134289439374
2910505,自营 金立S6 Pro 耀金 移动联通电信4G手机 双卡双待,1999,金立（Gionee）,5.5,800,1300,1,1,1,1592,1497,54,41,2910505,22.8582677165354,0.041994750656168,0.036745406824147,0.015748031496063,0.010498687664042,0.0183727034120735,0.0078740157480315,0,0.057742782152231,0.0078740157480315,0.010498687664042,0.0341207349081365,0.0446194225721785,0.0183727034120735,0.031496062992126,0.0131233595800525,0.015748031496063,0.015748031496063,0.005249343832021,0.0131233595800525,0.010498687664042,0.015748031496063
2969541,自营 金立M6 Plus 香槟金 4GB+64GB版 移动联通电信4G手机 双卡双待,2999,金立（Gionee）,6,800,1600,1,1,1,3162,3003,88,71,2969541,30.3260340632603,0.0413625304136253,0.0291970802919708,0.0145985401459854,0.0145985401459854,0.0218978102189781,0.0145985401459854,0.0121654501216545,0.150851581508516,0.0267639902676399,0.0097323600973236,0.0316301703163017,0.0097323600973236,0.0462287104622871,0.024330900243309,0.0316301703163017,0.0121654501216545,0.0437956204379562,0.024330900243309,0.024330900243309,0,0.0340632603406326
2969549,自营 金立M6 香槟金 4GB+64GB版 移动联通电信4G手机 双卡双待,2699,金立（Gionee）,5.5,800,1300,1,1,1,3162,3003,88,71,2969549,27.5546666666667,0.044,0.0306666666666667,0.016,0.0133333333333333,0.0186666666666667,0.012,0.008,0.148,0.024,0.00933333333333333,0.032,0.0106666666666667,0.0453333333333333,0.0226666666666667,0.0253333333333333,0.00933333333333333,0.0426666666666667,0.02,0.02,0,0.0253333333333333
3151888,自营 金立S6 Pro 玫瑰金 移动联通电信4G手机 双卡双待,1999,金立（Gionee）,5.5,800,1300,1,1,1,1591,1496,54,41,3151888,20.9343365253078,0.0465116279069767,0.0369357045143639,0.0164158686730506,0.0109439124487004,0.0136798905608755,0.00410396716826265,0,0.0601915184678523,0.00820793433652531,0.0109439124487004,0.0328317373461012,0.0465116279069767,0.0164158686730506,0.0300957592339261,0.00957592339261286,0.012311901504788,0.012311901504788,0.00547195622435021,0.0136798905608755,0.00820793433652531,0.0150478796169631
3248398,自营 金立M6 摩卡金 4GB+128GB版 移动联通电信4G手机 双卡双待,2999,金立（Gionee）,5.5,800,1300,1,1,1,3162,3003,88,71,3248398,27.92,0.044,0.0333333333333333,0.016,0.0133333333333333,0.0186666666666667,0.012,0.008,0.148,0.0266666666666667,0.00933333333333333,0.0346666666666667,0.0106666666666667,0.048,0.0226666666666667,0.028,0.00933333333333333,0.0453333333333333,0.02,0.0226666666666667,0,0.0253333333333333
3248400,自营 金立M6 Plus 香槟金 4GB+128GB版 移动联通电信4G手机 双卡双待,3299,金立（Gionee）,6,800,1600,1,1,1,3162,3003,88,71,3248400,30.6593673965937,0.0413625304136253,0.0316301703163017,0.0145985401459854,0.0145985401459854,0.0218978102189781,0.0145985401459854,0.0121654501216545,0.150851581508516,0.0291970802919708,0.0097323600973236,0.0340632603406326,0.0097323600973236,0.048661800486618,0.024330900243309,0.0340632603406326,0.0121654501216545,0.0462287104622871,0.024330900243309,0.0267639902676399,0,0.0340632603406326
3304425,自营 金立 大金钢GN5003 爵士金 移动联通电信4G手机 双卡双待,1499,金立（Gionee）,5.3,500,1300,0,1,1,6164,5763,247,154,3304425,20.5210772833724,0.0351288056206089,0.0503512880562061,0.0187353629976581,0.0152224824355972,0.0105386416861827,0.00702576112412178,0.00702576112412178,0.094847775175644,0.0128805620608899,0.0117096018735363,0.0573770491803279,0.00585480093676815,0.00702576112412178,0.0117096018735363,0.0128805620608899,0.0163934426229508,0.0175644028103044,0.022248243559719,0.0128805620608899,0.00351288056206089,0.00468384074941452
3330037,自营 金立 F100S 雪金白 移动联通电信4G手机 双卡双待,798,金立（Gionee）,5,200,500,0,1,1,2811,2614,118,79,3330037,17.1580188679245,0.044811320754717,0.0424528301886792,0.00943396226415094,0.00235849056603774,0.0117924528301887,0.00471698113207547,0.00707547169811321,0.0141509433962264,0.00943396226415094,0.0259433962264151,0.0542452830188679,0.0283018867924528,0.0141509433962264,0.00943396226415094,0.00707547169811321,0.00943396226415094,0.0117924528301887,0.00471698113207547,0.00707547169811321,0.00471698113207547,0.00471698113207547
3330077,自营 金立 F100S 韵银白 移动联通电信4G手机 双卡双待,798,金立（Gionee）,5,200,500,0,1,1,2811,2614,118,79,3330077,16.7338129496403,0.0431654676258993,0.0383693045563549,0.00959232613908873,0.00239808153477218,0.0119904076738609,0.00479616306954436,0.00719424460431655,0.0143884892086331,0.00959232613908873,0.0239808153477218,0.052757793764988,0.026378896882494,0.0143884892086331,0.00959232613908873,0.00719424460431655,0.00959232613908873,0.0119904076738609,0.00479616306954436,0.00719424460431655,0.00479616306954436,0.00479616306954436
2179047,自营 酷派 锋尚MAX A8-930 尊爵金 移动联通电信4G手机 双卡双待,1099,酷派（Coolpad）,5.5,500,1300,1,1,1,2541,2436,62,43,2179047,23.7080491132333,0.0682128240109141,0.0300136425648022,0.0204638472032742,0.0422919508867667,0.00545702592087312,0.00136425648021828,0.00682128240109141,0.0272851296043656,0.0668485675306958,0.0245566166439291,0.0422919508867667,0.053206002728513,0.00545702592087312,0.00954979536152797,0.0327421555252387,0.00954979536152797,0.0245566166439291,0.00272851296043656,0.00818553888130969,0.00272851296043656,0.0109140518417462
2495166,自营 酷派 锋尚mini Y72-921 臻彩金 移动联通电信4G手机 双卡双待,659,酷派（Coolpad）,5,500,800,0,1,0,600,552,29,19,2495166,18.277856135402,0.0423131170662905,0.0437235543018336,0.0197461212976023,0.00846262341325811,0.00705218617771509,0.00141043723554302,0.00282087447108604,0.0296191819464034,0.00846262341325811,0.0155148095909732,0.0564174894217207,0.0451339915373766,0.0112834978843441,0.0155148095909732,0.0112834978843441,0.00282087447108604,0.0183356840620592,0.00282087447108604,0.0197461212976023,0.00141043723554302,0
3397564,自营 酷派 cool1 dual 桀骜银 3+32GB版 移动联通电信4G手机 双卡双待,1099,酷派（Coolpad）,5.5,800,1300,1,1,1,20995,19703,793,499,3397564,35.4279569892473,0.0548387096774194,0.0182795698924731,0.0118279569892473,0.0118279569892473,0.0268817204301075,0.0161290322580645,0.0032258064516129,0.0537634408602151,0.0688172043010753,0.102150537634409,0.0473118279569892,0.0279569892473118,0.0365591397849462,0.0419354838709677,0.0505376344086022,0.0225806451612903,0.0806451612903226,0.0139784946236559,0.0193548387096774,0.0043010752688172,0.0376344086021505
3454217,自营 酷派 锋尚V3（Y803-9）金色 移动联通电信4G手机（联通版） 双卡双待,849,酷派（Coolpad）,5.5,800,800,2,1,1,2315,2161,78,76,3454217,18.9249639249639,0.038961038961039,0.025974025974026,0.0216450216450216,0.0144300144300144,0.00432900432900433,0.00432900432900433,0.00577200577200577,0.0187590187590188,0.0115440115440115,0.0375180375180375,0.0360750360750361,0.0303030303030303,0.0187590187590188,0.012987012987013,0.00721500721500722,0.0115440115440115,0.0317460317460317,0.00577200577200577,0.00577200577200577,0.00288600288600289,0.00432900432900433
3626134,自营 酷派 B770S 锐志金 移动联通电信4G手机 双卡双待,659,酷派（Coolpad）,5.5,200,800,0,1,1,98,89,5,4,3626134,17.7678571428571,0.0476190476190476,0.0476190476190476,0.0476190476190476,0.0238095238095238,0.0119047619047619,0,0,0.0297619047619048,0.0119047619047619,0.0595238095238095,0,0.0476190476190476,0.0238095238095238,0,0.0357142857142857,0.0297619047619048,0.0535714285714286,0.0119047619047619,0,0,0
2712431,自营 乐视（Le）乐Max2（X820) 金色 移动联通电信4G 双卡双待,1599,乐视（Letv）,5.7,800,2100,1,1,1,27789,25722,1093,974,2712431,35.8483870967742,0.0741935483870968,0.0247311827956989,0.021505376344086,0.0118279569892473,0.032258064516129,0.0268817204301075,0.0032258064516129,0.043010752688172,0.0419354838709677,0.0612903225806452,0.0505376344086022,0.0182795698924731,0.021505376344086,0.0365591397849462,0.0763440860215054,0.00645161290322581,0.0462365591397849,0.021505376344086,0.0129032258064516,0.0225806451612903,0.0139784946236559
2839509,自营 乐视（Le）乐2Pro 32GB 金色 移动联通电信4G手机 双卡双待,1399,乐视（Letv）,5.5,800,2100,1,1,1,62731,58423,2347,1961,2839509,30,0.0483870967741935,0.0387096774193548,0.010752688172043,0.0118279569892473,0.0311827956989247,0.0290322580645161,0.0032258064516129,0.0419354838709677,0.0247311827956989,0.043010752688172,0.0462365591397849,0.0150537634408602,0.0172043010752688,0.0290322580645161,0.0688172043010753,0.0150537634408602,0.0268817204301075,0.0258064516129032,0.00967741935483871,0.0172043010752688,0.010752688172043
2938299,自营 乐视（Le）乐2（X620）32GB 原力金 移动联通电信4G手机 双卡双待,1099,乐视（Letv）,5.5,800,1600,1,1,1,346939,326643,10930,9366,2938299,27.7750611246944,0.0378973105134474,0.0427872860635697,0.0256723716381418,0.00366748166259169,0.0366748166259169,0.0268948655256724,0.00122249388753056,0.0317848410757946,0.0146699266503667,0.0635696821515892,0.0550122249388753,0.0183374083129584,0.0134474327628362,0.0146699266503667,0.0488997555012225,0.00122249388753056,0.0268948655256724,0.0232273838630807,0.0122249388753056,0.0134474327628362,0.0134474327628362
3922720,自营 乐视（Letv）乐Max（X900）64G 银色 移动联通4G手机 双卡双待,1199,乐视（Letv）,6.3,400,2100,1,1,0,38114,35023,1478,1613,3922720,33.3817204301075,0.0494623655913978,0.0247311827956989,0.0247311827956989,0.0150537634408602,0.0387096774193548,0.0344086021505376,0.00537634408602151,0.043010752688172,0.0516129032258065,0.0419354838709677,0.0311827956989247,0.0129032258064516,0.0139784946236559,0.0172043010752688,0.0440860215053763,0.00752688172043011,0.127956989247312,0.0129032258064516,0.0139784946236559,0.0193548387096774,0.010752688172043
1386564,自营 联想 (Lenovo) 黄金斗士 S8 (A7600-m) 珍珠白 移动4G手机 双卡双待,599,联想（Lenovo）,5.5,500,1300,0,1,0,39253,36348,1830,1075,1386564,24.6685714285714,0.0333333333333333,0.0228571428571429,0.0152380952380952,0.00571428571428571,0.0304761904761905,0.0123809523809524,0.00761904761904762,0.0295238095238095,0.019047619047619,0.0438095238095238,0.0447619047619048,0.0247619047619048,0.00761904761904762,0.0228571428571429,0.0171428571428571,0.0361904761904762,0.0714285714285714,0.0180952380952381,0.0180952380952381,0.0123809523809524,0.0114285714285714
1595605,自营 联想 黄金斗士S8畅玩（A5860）16GB 酷炫黑 移动4G手机 双卡双待,799,联想（Lenovo）,5.5,200,800,0,1,0,3316,3032,166,118,1595605,21.2710027100271,0.0447154471544715,0.0284552845528455,0.013550135501355,0.002710027100271,0.0040650406504065,0.00813008130081301,0.00542005420054201,0.018970189701897,0.0230352303523035,0.035230352303523,0.0284552845528455,0.016260162601626,0.016260162601626,0.002710027100271,0.010840108401084,0.00677506775067751,0.035230352303523,0.0121951219512195,0.018970189701897,0.0203252032520325,0.0311653116531165
2028159,自营 联想(Lenovo) P1 16G 骑士银 移动联通4G手机,939,联想（Lenovo）,5.5,500,1300,1,1,0,3455,3227,122,106,2028159,30.7254464285714,0.0625,0.0245535714285714,0.0245535714285714,0.00892857142857143,0.0267857142857143,0.00669642857142857,0.00446428571428571,0.138392857142857,0.0535714285714286,0.0513392857142857,0.0357142857142857,0.0357142857142857,0.0267857142857143,0.0223214285714286,0.0714285714285714,0.015625,0.0513392857142857,0.0111607142857143,0.0245535714285714,0.00669642857142857,0.0223214285714286
2076459,自营 联想(Lenovo) P1 16G 伯爵金 移动联通电信4G手机,999,联想（Lenovo）,5.5,500,1300,1,1,0,3456,3228,122,106,2076459,28.6423658872077,0.0687757909215956,0.0220082530949106,0.0261348005502063,0.00687757909215956,0.0178817056396149,0.00550206327372765,0.00412654745529574,0.147180192572215,0.0550206327372765,0.0563961485557084,0.0288858321870702,0.0371389270976616,0.0288858321870702,0.0220082530949106,0.0729023383768913,0.0178817056396149,0.0495185694635488,0.00687757909215956,0.0206327372764787,0.00687757909215956,0.0220082530949106
2140244,自营 联想 乐檬 X3（X3c50） 32G 珠峰白 移动联通4G手机 双卡双待,1399,联想（Lenovo）,5.5,800,2100,1,1,0,13502,12829,384,289,2140244,47.995599559956,0.0308030803080308,0.0231023102310231,0.0077007700770077,0.0187018701870187,0.0319031903190319,0.0242024202420242,0.0055005500550055,0.033003300330033,0.0979097909790979,0.0451045104510451,0.0363036303630363,0.0484048404840484,0.033003300330033,0.0143014301430143,0.0407040704070407,0.0396039603960396,0.117711771177118,0.0495049504950495,0.0143014301430143,0.0176017601760176,0.0297029702970297
2145111,自营 【预售】联想 乐檬 X3（X3c50） 双4G版手机 乐檬VR眼镜 Hi-Fi耳机,2499,联想（Lenovo）,5.5,800,2100,1,1,0,112,101,3,8,2145111,87.8857142857143,0.0761904761904762,0.0476190476190476,0.0238095238095238,0.0619047619047619,0.180952380952381,0.019047619047619,0,0.0761904761904762,0.114285714285714,0.00952380952380952,0.0285714285714286,0.114285714285714,0.0952380952380952,0.00952380952380952,0.0476190476190476,0.114285714285714,0.1,0.428571428571429,0.0380952380952381,0.019047619047619,0.0285714285714286
2250255,自营 联想 乐檬3 （K32C36）16GB 金色 移动4G手机 双卡双待,699,联想（Lenovo）,5,500,1300,0,1,0,55015,51553,2149,1313,2250255,26.0354838709677,0.0333333333333333,0.0311827956989247,0.0311827956989247,0.00752688172043011,0.0258064516129032,0.00860215053763441,0.0032258064516129,0.043010752688172,0.0204301075268817,0.0440860215053763,0.0537634408602151,0.0150537634408602,0.0118279569892473,0.0150537634408602,0.0225806451612903,0.0290322580645161,0.0344086021505376,0.0150537634408602,0.0268817204301075,0.0118279569892473,0.00752688172043011
3423304,自营 联想（Lenovo）乐檬 K5 Note (K52t38）2G+16G 酷炫银 移动4G手机 双卡双待,699,联想（Lenovo）,5.5,800,1300,1,1,0,2038,1944,56,38,3423304,21.7699386503067,0.0843558282208589,0.053680981595092,0.0368098159509202,0.00920245398773006,0.00920245398773006,0.00306748466257669,0.00306748466257669,0.0245398773006135,0.0214723926380368,0.0828220858895705,0.0782208588957055,0.0276073619631902,0.0138036809815951,0.0199386503067485,0.0153374233128834,0.0230061349693252,0.0306748466257669,0.00920245398773006,0.00920245398773006,0.00460122699386503,0.00920245398773006
3513173,自营 【新品】联想 乐檬K10(K10e70) 典雅黑 2GB+16GB 双卡双待,549,联想（Lenovo）,5,200,800,0,1,0,8521,7867,364,290,3513173,26.9801324503311,0.0596026490066225,0.0275938189845475,0.0187637969094923,0.0165562913907285,0.00662251655629139,0.0198675496688742,0.0033112582781457,0.0342163355408389,0.0198675496688742,0.0474613686534216,0.0584988962472406,0.0231788079470199,0.0198675496688742,0.0165562913907285,0.0121412803532009,0.0176600441501104,0.0397350993377483,0.0187637969094923,0.033112582781457,0.0198675496688742,0.0121412803532009
3613977,自营 联想 （Lenovo）P2 (P2c72）4G+64G 伯爵金 移动联通电信 全网通 双卡双待,2499,联想（Lenovo）,5.5,500,1300,1,1,0,9,9,0,0,3613977,91.4285714285714,0.142857142857143,0,0,0,0,0,0,0,0.285714285714286,0,0.142857142857143,0,0.142857142857143,0,0.142857142857143,0,0,0,0.142857142857143,0,0.142857142857143
3613997,自营 联想 （Lenovo）P2 (P2c72）4G+64G 深空灰 移动联通电信 全网通 双卡双待,2499,联想（Lenovo）,5.5,500,1300,1,1,0,9,9,0,0,3613997,91.4285714285714,0.142857142857143,0,0,0,0,0,0,0,0.285714285714286,0,0.142857142857143,0,0.142857142857143,0,0.142857142857143,0,0,0,0.142857142857143,0,0.142857142857143
3944102,自营 【新品】联想乐檬K10(K10e70) 融雪白 2GB+16GB双卡双待,549,联想（Lenovo）,5,800,800,0,1,0,8521,7867,364,290,3944102,26.5369978858351,0.0549682875264271,0.0264270613107822,0.0179704016913319,0.0158562367864693,0.00634249471458774,0.0190274841437632,0.00317124735729387,0.03276955602537,0.0211416490486258,0.0496828752642706,0.0560253699788584,0.0243128964059197,0.0211416490486258,0.0158562367864693,0.0116279069767442,0.0169133192389006,0.0380549682875264,0.0179704016913319,0.0317124735729387,0.0190274841437632,0.0116279069767442
10395217332,美图(Meitu)M6手机 全网通 4G手机 月光白 标配版 (3G RAM+64G ROM),3199,美图（Meitu）,5,2100,2100,1,1,1,36,31,1,4,10395217332,21.0757575757576,0,0,0,0,0.0606060606060606,0.0151515151515152,0,0,0.0303030303030303,0,0,0,0,0.0303030303030303,0,0,0,0,0.0151515151515152,0.0151515151515152,0
10399045323,美图M6 手机 月光白 全网通4G(3G RAM+64G ROM)标配A,3299,美图（Meitu）,5,2100,2100,1,1,1,694,655,15,24,10399045323,24.4204379562044,0.0291970802919708,0.0554744525547445,0,0.0102189781021898,0.0291970802919708,0.00875912408759124,0,0.00583941605839416,0.0102189781021898,0,0.0131386861313869,0.0175182481751825,0.0394160583941606,0.00291970802919708,0.0072992700729927,0.00583941605839416,0.0116788321167883,0.0102189781021898,0.00291970802919708,0.0102189781021898,0.0072992700729927
10399684460,美图 美图M6 全网通4G美颜自拍手机 樱花粉,3059,美图（Meitu）,5,2100,2100,1,1,1,345,319,12,14,10399684460,28.5260586319218,0.0521172638436482,0.0439739413680782,0,0.0162866449511401,0.0358306188925081,0,0.00325732899022801,0.00977198697068404,0.0195439739413681,0.0390879478827362,0.0146579804560261,0.0195439739413681,0.0325732899022801,0.0195439739413681,0.0146579804560261,0.00814332247557003,0.0146579804560261,0.0179153094462541,0.00977198697068404,0.0130293159609121,0.00651465798045603
10402906439,美图(Meitu) V4S 4G手机 蔷薇粉 移动联通(3G RAM+128G ROM) 标配,4999,美图（Meitu）,5,2100,2100,0,1,0,114,107,3,4,10402906439,21.2303921568627,0.0392156862745098,0.0588235294117647,0.0196078431372549,0.0196078431372549,0.00980392156862745,0.00980392156862745,0,0,0,0.00980392156862745,0.0294117647058824,0.0196078431372549,0,0.00980392156862745,0.00980392156862745,0.00490196078431373,0.0196078431372549,0.0245098039215686,0,0.0294117647058824,0.0196078431372549
10412069591,京东配送 京东配送美图(Meitu) 美图M6 全网通4G(3G运行+64G机身内存) 美颜自拍手机 Hello Kitty特别版 樱花粉,3299,美图（Meitu）,5,2100,2100,1,1,0,2561,2449,44,68,10412069591,21.1560773480663,0.0248618784530387,0.0400552486187845,0.0179558011049724,0.00966850828729282,0.0138121546961326,0.00552486187845304,0.00138121546961326,0.0069060773480663,0.00828729281767956,0.00276243093922652,0.0110497237569061,0.0179558011049724,0.0276243093922652,0.00966850828729282,0.0110497237569061,0.00414364640883978,0.00552486187845304,0.0262430939226519,0.00138121546961326,0.0151933701657459,0.00552486187845304
10415140494,美图M6 手机 樱花粉 全网通 (3G RAM+64G ROM) 标配,3149,美图（Meitu）,5,2100,2100,1,1,1,591,555,19,17,10415140494,22.3044140030441,0.0441400304414003,0.0426179604261796,0.0091324200913242,0.0167427701674277,0.0289193302891933,0.0076103500761035,0.0015220700152207,0.0030441400304414,0.0076103500761035,0.0030441400304414,0.0121765601217656,0.0182648401826484,0.0213089802130898,0.0060882800608828,0.0091324200913242,0.0030441400304414,0,0.0289193302891933,0.0076103500761035,0.0045662100456621,0.0060882800608828
10416687137,美图(Meitu) M6 全网通4G手机 樱花粉,3049,美图（Meitu）,5,2100,2100,1,1,0,1217,1142,26,49,10416687137,22.7681755829904,0.0233196159122085,0.0507544581618656,0,0.0123456790123457,0.0219478737997256,0.0109739368998628,0.00685871056241427,0.00823045267489712,0.0137174211248285,0,0.00548696844993141,0.0192043895747599,0.0329218106995885,0.00548696844993141,0.00274348422496571,0.00548696844993141,0.0164609053497942,0.0315500685871056,0.00137174211248285,0.00274348422496571,0.0150891632373114
10419930777,美图(Meitu) V4S 4G手机 白色 移动联通(3G RAM+128G ROM) 标配,4999,美图（Meitu）,5,2100,2100,0,1,0,8,8,0,0,10419930777,9.125,0,0.125,0,0,0,0,0,0,0,0,0,0,0,0,0,0,0,0,0,0,0
10426625323,美图V4S 手机 极光白 双4G (3G RAM+128G ROM) 标配,4999,美图（Meitu）,5,2100,2100,2,1,0,65,58,1,6,10426625323,18.0833333333333,0.05,0.0333333333333333,0,0.0166666666666667,0,0.00833333333333333,0,0.0333333333333333,0,0,0.0916666666666667,0.0166666666666667,0,0.0166666666666667,0,0,0.00833333333333333,0,0,0,0.0166666666666667
10435654615,美图 M6 全网通手机 樱花粉,3299,美图（Meitu）,5,2100,2100,1,1,0,21,20,0,1,10435654615,19.0487804878049,0.0487804878048781,0.0975609756097561,0,0,0,0,0,0,0,0.0487804878048781,0.0487804878048781,0.0487804878048781,0,0,0,0,0,0.0487804878048781,0,0,0.0975609756097561
10466151634,美图 (Meitu) 美图M6 美颜自拍手机 樱花粉 全网通4G(3G RAM+64G ROM),3048,美图（Meitu）,5,2100,2100,1,1,0,207,197,6,4,10466151634,19.4613333333333,0.0213333333333333,0.032,0.00533333333333333,0.0213333333333333,0.00266666666666667,0,0.00533333333333333,0.00533333333333333,0.016,0.0266666666666667,0.0213333333333333,0.0373333333333333,0.0266666666666667,0.016,0.0106666666666667,0,0.00533333333333333,0.00533333333333333,0,0.016,0.016
10499411328,美图(Meitu) 美图M6 全网通 美颜自拍手机 Hello Kitty特别版 樱花粉 全网通(3G RAM+64G ROM)标准,3299,美图（Meitu）,5,2100,2100,1,1,0,79,79,0,0,10499411328,18.7260273972603,0.0273972602739726,0.0547945205479452,0.0136986301369863,0.0684931506849315,0,0,0.0136986301369863,0,0,0,0,0.0136986301369863,0.0273972602739726,0,0,0.0136986301369863,0,0.0136986301369863,0,0.0136986301369863,0
10528721771,京东配送 美图(Meitu) 美图V4S 美图V4升级版 移动/联通双4G 美颜自拍手机 雅致版蓝,5699,美图（Meitu）,5,2100,2100,0,1,0,88,84,1,3,10528721771,23.7818181818182,0.0484848484848485,0.0606060606060606,0.0121212121212121,0.0363636363636364,0.0242424242424242,0,0,0.0242424242424242,0.0363636363636364,0.0363636363636364,0.0121212121212121,0.0363636363636364,0.0484848484848485,0,0,0,0,0.0121212121212121,0,0.0242424242424242,0.0242424242424242
10541210582,美图(Meitu) 美图M6 全网通4G手机 月光白 Hello Kitty特别版 3G RAM+64G ROM 自拍手机,3249,美图（Meitu）,5,2100,2100,1,1,0,39,36,2,1,10541210582,24.71875,0.03125,0.03125,0,0,0.03125,0,0,0.03125,0,0.03125,0,0.03125,0,0,0,0,0,0,0,0,0
10574826759,美图M6 全网通4G 美颜 自拍手机 (3G RAM+64G ROM) 月光白,3288,美图（Meitu）,5,2100,2100,1,1,0,86,86,0,0,10574826759,19.7733333333333,0.0666666666666667,0.0533333333333333,0,0,0.0266666666666667,0,0,0,0,0,0.0266666666666667,0.0266666666666667,0.0533333333333333,0,0.0133333333333333,0,0,0.04,0.0133333333333333,0.0133333333333333,0.0133333333333333
10824400190,美图 Meitu M6 美颜自拍手机 樱花粉 全网通标准版(3G RAM+64G ROM),3049,美图（Meitu）,5,2100,2100,1,1,0,11,11,0,0,10824400190,19.8571428571429,0,0,0,0,0,0,0,0,0,0,0,0,0.142857142857143,0,0,0,0,0.142857142857143,0,0,0
1326706,自营 摩托罗拉 moto x（x+1）(XT1085) 16GB 绿松蓝 移动联通电信4G手机,999,摩托罗拉（Motorola）,5.2,200,1300,0,1,0,23538,21575,1122,841,1326706,31.7747252747253,0.0505494505494506,0.0164835164835165,0.0230769230769231,0.0274725274725275,0.0186813186813187,0.0263736263736264,0.010989010989011,0.0802197802197802,0.0571428571428571,0.0395604395604396,0.0659340659340659,0.0406593406593407,0.0186813186813187,0.010989010989011,0.0725274725274725,0.0010989010989011,0.0802197802197802,0.0043956043956044,0.00659340659340659,0.00549450549450549,0.0208791208791209
1326950,自营 摩托罗拉 moto x（x+1）(XT1085) 32GB 黑檀木 移动联通电信4G手机,1699,摩托罗拉（Motorola）,5.2,200,1300,0,1,0,5437,4993,248,196,1326950,34.3370098039216,0.0343137254901961,0.0122549019607843,0.00857843137254902,0.0147058823529412,0.0281862745098039,0.0183823529411765,0.00367647058823529,0.105392156862745,0.0894607843137255,0.00857843137254902,0.0502450980392157,0.053921568627451,0.0257352941176471,0.0110294117647059,0.0661764705882353,0.00980392156862745,0.071078431372549,0.00122549019607843,0.00857843137254902,0.00612745098039216,0.00980392156862745
1326953,自营 摩托罗拉 moto x（x+1）(XT1085) 32GB 天然竹 移动联通电信4G手机,1499,摩托罗拉（Motorola）,5.2,200,1300,0,1,0,8852,8008,447,397,1326953,36.4322580645161,0.0376344086021505,0.0182795698924731,0.00645161290322581,0.010752688172043,0.0268817204301075,0.0268817204301075,0.00860215053763441,0.0924731182795699,0.0774193548387097,0.0172043010752688,0.0376344086021505,0.0548387096774194,0.0290322580645161,0.0268817204301075,0.0860215053763441,0.010752688172043,0.0763440860215054,0.00752688172043011,0.010752688172043,0.0182795698924731,0.00967741935483871
1851296,自营 摩托罗拉 Moto X Style (XT1570) 32GB 冰山白 移动联通电信4G手机,1799,摩托罗拉（Motorola）,5.7,500,2100,0,1,1,4263,3944,196,123,1851296,43.7237196765499,0.0444743935309973,0.0242587601078167,0.00539083557951483,0.0309973045822102,0.00673854447439353,0.0121293800539084,0.00808625336927224,0.0835579514824798,0.0970350404312668,0.0417789757412399,0.0390835579514825,0.0377358490566038,0.0417789757412399,0.0134770889487871,0.0929919137466307,0.0161725067385445,0.134770889487871,0.0107816711590297,0.0161725067385445,0.0148247978436658,0.0283018867924528
2223741,自营 摩托罗拉 moto x 极( XT1581) 64GB 玛雅黑 移动联通电信4G手机,2999,摩托罗拉（Motorola）,5.4,500,2100,0,1,0,1009,941,38,30,2223741,41.6636771300448,0.0672645739910314,0.0194319880418535,0.0209267563527653,0.0134529147982063,0.00448430493273543,0.0119581464872945,0,0.0553064275037369,0.100149476831091,0.038863976083707,0.0298953662182362,0.0269058295964126,0.0284005979073244,0.0224215246636771,0.0792227204783259,0,0.0986547085201794,0.00747384155455904,0.00448430493273543,0.00747384155455904,0.0149476831091181
2223753,自营 摩托罗拉 moto x 极( XT1581) 64GB 梵蒂白 移动联通电信4G手机,2999,摩托罗拉（Motorola）,5.4,500,2100,0,1,1,1009,941,38,30,2223753,43.7436332767402,0.067911714770798,0.0169779286926995,0.0169779286926995,0.0135823429541596,0.00509337860780985,0.0135823429541596,0,0.0577249575551783,0.106960950764007,0.0407470288624788,0.0305602716468591,0.033955857385399,0.032258064516129,0.0254668930390492,0.0865874363327674,0,0.103565365025467,0.00848896434634975,0.00509337860780985,0.00848896434634975,0.0169779286926995
3499302,自营 摩托罗拉 Moto Z(XT1650-05) 模块化手机 流金黑 移动联通电信4G手机 双卡双待,3999,摩托罗拉（Motorola）,5.5,500,1300,1,1,1,9915,9634,155,126,3499302,27.3573170731707,0.0182926829268293,0.0341463414634146,0.0158536585365854,0.00975609756097561,0.0146341463414634,0.0134146341463415,0.00121951219512195,0.024390243902439,0.024390243902439,0.0121951219512195,0.0317073170731707,0.0207317073170732,0.0121951219512195,0.00731707317073171,0.0329268292682927,0.0109756097560976,0.025609756097561,0.0170731707317073,0.00731707317073171,0.0024390243902439,0.00853658536585366
3613961,自营 摩托罗拉 Moto M(XT1662) 4G+32G 耀世金移动联通电信4G手机 双卡双待,1999,摩托罗拉（Motorola）,5.5,800,1600,1,1,0,43,42,1,0,3613961,36.08,0.04,0,0,0.04,0,0,0,0,0,0.04,0.04,0.08,0.04,0.08,0,0,0.08,0,0,0.04,0.04
3650504,自营 摩托罗拉 Moto Z Play(XT1635-03) 模块化手机 爵士黑 移动联通电信4G手机 双卡双待,3299,摩托罗拉（Motorola）,5.5,500,1600,1,1,1,9915,9634,155,126,3650504,27.4011904761905,0.0178571428571429,0.0333333333333333,0.0154761904761905,0.00952380952380952,0.0142857142857143,0.0130952380952381,0.00119047619047619,0.0261904761904762,0.0238095238095238,0.0119047619047619,0.030952380952381,0.0202380952380952,0.0119047619047619,0.00714285714285714,0.0321428571428571,0.0107142857142857,0.0273809523809524,0.0166666666666667,0.00714285714285714,0.00238095238095238,0.00833333333333333
3650544,自营 摩托罗拉 Moto Z Play(XT1635-03) 模块化手机 贵族白 移动联通电信4G手机 双卡双待,3299,摩托罗拉（Motorola）,5.5,500,1600,1,1,1,9915,9634,155,126,3650544,32.7629937629938,0.0166320166320166,0.0311850311850312,0.0145530145530146,0.0124740124740125,0.0249480249480249,0.0207900207900208,0.00207900207900208,0.0291060291060291,0.027027027027027,0.0103950103950104,0.0291060291060291,0.0207900207900208,0.0145530145530146,0.00831600831600832,0.0395010395010395,0.0145530145530146,0.0353430353430353,0.0249480249480249,0.0103950103950104,0.00415800415800416,0.0103950103950104
10550190104,摩托罗拉 Moto X Style (XT1570) 4G手机 双卡双待 曜石黑 全网通(3G RAM+ 16G ROM)标配,1519,摩托罗拉（Motorola）,5.7,500,2100,0,1,0,205,185,11,9,10550190104,28.3443526170799,0.0716253443526171,0.0661157024793388,0.00550964187327824,0.0220385674931129,0.0165289256198347,0.00826446280991736,0.0110192837465565,0.0991735537190083,0.0716253443526171,0.0165289256198347,0.0330578512396694,0.0495867768595041,0.0385674931129477,0.0165289256198347,0.0743801652892562,0.00550964187327824,0.0606060606060606,0,0.00550964187327824,0,0.0110192837465565
10644609059,摩托罗拉 Moto Z Play(XT1635-03) 4G手机 双卡双待 爵士黑 全网通(3G RAM+64G ROM)标配,3299,摩托罗拉（Motorola）,5.5,500,1600,2,1,0,7,7,0,0,10644609059,16.8571428571429,0,0.142857142857143,0,0,0,0,0.142857142857143,0,0,0,0,0,0,0,0,0,0,0,0,0,0
10648027652,摩托罗拉Moto Z Play(XT1635-03) 模块化手机 贵族白 全网通(3G RAM + 64G ROM)标配版,3299,摩托罗拉（Motorola）,5.5,500,1600,2,2,1,47,47,0,0,10648027652,33.2127659574468,0.0212765957446809,0.0212765957446809,0,0.0212765957446809,0.0425531914893617,0,0,0.0425531914893617,0.0851063829787234,0,0.0212765957446809,0.0851063829787234,0,0.0425531914893617,0.0851063829787234,0,0.0212765957446809,0.0425531914893617,0.0212765957446809,0,0.0425531914893617
10653052410,摩托罗拉 moto x（x+1）(XT1085) 4G手机 雅典黑 全网通(2G RAM+16G ROM),1069,摩托罗拉（Motorola）,5.2,200,1300,0,1,0,23,22,1,0,10653052410,18.1363636363636,0,0.0454545454545455,0,0,0,0,0,0.0909090909090909,0,0.0909090909090909,0.0454545454545455,0,0,0,0,0.0454545454545455,0.0454545454545455,0,0,0,0
10674624579,摩托罗拉 Moto Z Play 4G手机 双卡双待 爵士黑 全网通(3G RAM+64G ROM)标配,3299,摩托罗拉（Motorola）,5.5,500,1600,2,1,1,9,8,0,1,10674624579,12.5,0,0.166666666666667,0,0,0,0,0,0.166666666666667,0,0,0,0.166666666666667,0,0,0,0,0,0,0,0,0
10707368054,摩托罗拉 Moto Z 手机+一整套模块(摩电+影+音+哈苏+2摩范) (4G RAM + 64G ROM),9396,摩托罗拉（Motorola）,5.5,500,1300,1,1,1,140,130,3,7,10707368054,20.9721115537849,0.0796812749003984,0.0318725099601594,0.00796812749003984,0.0318725099601594,0.0358565737051793,0,0.00796812749003984,0.00796812749003984,0.0398406374501992,0.00796812749003984,0.0318725099601594,0.0398406374501992,0.0159362549800797,0.0239043824701195,0.0318725099601594,0,0,0,0.00398406374501992,0,0
10767563143,摩托罗拉 Moto G XT1079 4G手机 双卡双待 白色 移动联通(1G RAM+8G ROM)标配,599,摩托罗拉（Motorola）,5,200,800,0,1,0,3,2,1,0,10767563143,8,0,0,0,0,0,0,0,0,0,0,0,0,0,0,0,0,0,0,0,0,0
3101526,自营 努比亚(nubia)【3+64GB】小牛5 Z11mini 金色 移动联通电信4G手机 双卡双待,1089,努比亚（nubia）,5,800,1600,1,1,1,94561,88877,3349,2335,3101526,24.8805418719212,0.0566502463054187,0.0492610837438424,0.0307881773399015,0.0172413793103448,0.00985221674876847,0.00369458128078818,0.00738916256157635,0.0406403940886699,0.0270935960591133,0.061576354679803,0.0369458128078818,0.0652709359605911,0.0369458128078818,0.0197044334975369,0.020935960591133,0.00492610837438424,0.0344827586206897,0.0197044334975369,0.00738916256157635,0.00246305418719212,0.0123152709359606
3102991,自营 努比亚(nubia)【4+64GB】Z11Max 百合金 移动联通电信4G手机双卡双待,1799,努比亚（nubia）,6,800,1600,1,1,1,8502,8107,216,179,3102991,44.9939098660171,0.0596833130328867,0.0475030450669915,0.0133982947624848,0.0219244823386114,0.0304506699147381,0.0048721071863581,0.00609013398294762,0.0852618757612667,0.0828258221680877,0.0913520097442144,0.0207064555420219,0.0414129110840439,0.0462850182704019,0.0377588306942753,0.0328867235079172,0.0182704019488429,0.149817295980512,0.0633373934226553,0.0243605359317905,0.00730816077953715,0.0146163215590743
3139087,自营 努比亚(nubia)【3GB+64GB】N1 金色 移动联通电信4G手机 双卡双待,1699,努比亚（nubia）,5.5,1300,1300,1,1,0,86,81,4,1,3139087,20.6129032258065,0.0645161290322581,0.0774193548387097,0,0,0,0,0.0129032258064516,0.103225806451613,0.0129032258064516,0.0387096774193548,0.0516129032258065,0.0129032258064516,0.0387096774193548,0.0129032258064516,0.0129032258064516,0,0,0.0129032258064516,0,0,0.0129032258064516
3166434,自营 努比亚(nubia)【4+64GB】Z11 星空灰（锖色） 移动联通电信4G手机双卡双待,2499,努比亚（nubia）,5.5,800,1600,1,1,1,22865,22176,413,276,3166434,44.3840425531915,0.0404255319148936,0.0553191489361702,0.0148936170212766,0.0287234042553191,0.0340425531914894,0.0212765957446809,0.00531914893617021,0.0329787234042553,0.0787234042553192,0.025531914893617,0.0308510638297872,0.0765957446808511,0.0436170212765957,0.0276595744680851,0.024468085106383,0.0148936170212766,0.108510638297872,0.0212765957446809,0.0202127659574468,0.0148936170212766,0.0202127659574468
3250951,自营 努比亚(nubia)【4+64GB】Z11 （百合金）移动联通电信4G手机 双卡双待,2499,努比亚（nubia）,5.5,800,1600,1,1,0,22866,22177,413,276,3250951,50.7651515151515,0.0378787878787879,0.0560606060606061,0.0151515151515152,0.0333333333333333,0.0439393939393939,0.0257575757575758,0.00757575757575758,0.0333333333333333,0.0833333333333333,0.0272727272727273,0.0287878787878788,0.0727272727272727,0.0439393939393939,0.0272727272727273,0.0303030303030303,0.0181818181818182,0.118181818181818,0.0242424242424242,0.0242424242424242,0.0181818181818182,0.0227272727272727
3865398,自营 努比亚(nubia)【4+64GB】小牛6 Z11 miniS 香槟金 移动联通电信4G手机 双卡双待,1499,努比亚（nubia）,5.2,1300,2300,1,1,0,32019,30553,837,629,3865398,37.1586956521739,0.0369565217391304,0.0521739130434783,0.0119565217391304,0.00978260869565217,0.0489130434782609,0.0206521739130435,0.016304347826087,0.0391304347826087,0.0565217391304348,0.0532608695652174,0.0304347826086957,0.0521739130434783,0.041304347826087,0.0239130434782609,0.0260869565217391,0.0239130434782609,0.0934782608695652,0.1,0.0228260869565217,0.00760869565217391,0.016304347826087
3323455,自营 Apple iPhone 7 (A1660) 32G 黑色 移动联通电信4G手机 套装版（含蓝牙通话耳机）,5498,苹果（Apple）,4.7,700,1200,1,1,0,18784,18039,338,407,3323455,26.6666666666667,0.0416666666666667,0.125,0,0.0416666666666667,0,0.0416666666666667,0,0,0.0416666666666667,0,0.0833333333333333,0,0,0,0,0,0,0,0,0,0
3323457,自营 Apple iPhone 7 (A1660) 128G 亮黑色 移动联通电信4G手机 套装版（含蓝牙通话耳机）,6198,苹果（Apple）,4.7,700,1200,1,1,0,11960,11523,165,272,3323457,41.9638336347197,0.0614828209764919,0.0415913200723327,0.0415913200723327,0.0596745027124774,0.0759493670886076,0.0216998191681736,0.0162748643761302,0.00904159132007233,0.0198915009041591,0.00180831826401447,0.0289330922242315,0.00904159132007233,0.00904159132007233,0.0054249547920434,0.00904159132007233,0.0054249547920434,0.0216998191681736,0.00180831826401447,0.0126582278481013,0.0054249547920434,0.0054249547920434
3344021,自营 Apple iPhone 7 (A1660) 128G 银色 + dostyle HS503一体式USB蓝牙耳机 苹果白,5978,苹果（Apple）,4.7,700,1200,1,1,0,5477,5255,102,120,3344021,29.0874848116646,0.0643985419198056,0.0486026731470231,0.0425273390036452,0.040097205346294,0.0291616038882139,0.00729040097205346,0.00243013365735115,0.0170109356014581,0.0243013365735115,0.0109356014580802,0.0133657351154313,0.00729040097205346,0.00729040097205346,0.0194410692588092,0.0157958687727825,0.00729040097205346,0.0328068043742406,0.0157958687727825,0.00243013365735115,0.00607533414337789,0.00850546780072904
3344041,自营 Apple iPhone 7 (A1660) 128G 黑色 + dostyle HS503一体式USB蓝牙耳机 橄榄黑,5978,苹果（Apple）,4.7,700,1200,1,1,0,26488,25403,564,521,3344041,39.4373684210526,0.0836842105263158,0.0621052631578947,0.0421052631578947,0.0505263157894737,0.0621052631578947,0.0194736842105263,0.0157894736842105,0.0147368421052632,0.0278947368421053,0.00842105263157895,0.0331578947368421,0.00736842105263158,0.0152631578947368,0.0105263157894737,0.0189473684210526,0.0194736842105263,0.0447368421052632,0.0115789473684211,0.0152631578947368,0.00526315789473684,0.00736842105263158
3344043,自营 Apple iPhone 7 Plus (A1661) 128G 黑色 + dostyle HS503一体式USB蓝牙耳机 橄榄黑,7287,苹果（Apple）,5.5,700,1200,1,1,0,13687,13358,121,208,3344043,38.1555075593952,0.0712742980561555,0.0518358531317495,0.0626349892008639,0.0496760259179266,0.0712742980561555,0.00863930885529158,0.0215982721382289,0.019438444924406,0.0259179265658747,0.00647948164146868,0.0367170626349892,0.00431965442764579,0.0129589632829374,0.00215982721382289,0.0129589632829374,0.00863930885529158,0.0237580993520518,0.00431965442764579,0.00647948164146868,0.00215982721382289,0.00863930885529158
3753802,自营 Apple iPhone 7 Plus (A1661) 32G 黑色 移动联通电信4G手机 套装版（含蓝牙通话耳机）,6687,苹果（Apple）,5.5,700,1200,1,1,0,12833,12543,116,174,3753802,26.9127604166667,0.05859375,0.0572916666666667,0.0455729166666667,0.05078125,0.0325520833333333,0.0130208333333333,0.0221354166666667,0.00390625,0.00911458333333333,0.00390625,0.0286458333333333,0.00390625,0.00520833333333333,0.015625,0.00651041666666667,0.0104166666666667,0.0390625,0.00911458333333333,0.00390625,0.0078125,0.00651041666666667
3753808,自营 Apple iPhone 7 Plus (A1661) 128G 亮黑色 移动联通电信4G手机 套装版（含蓝牙通话耳机）,7487,苹果（Apple）,5.5,700,1200,1,1,0,3911,3819,37,55,3753808,23.6303680981595,0.0705521472392638,0.0506134969325153,0.0352760736196319,0.0214723926380368,0.0107361963190184,0.0122699386503067,0.00920245398773006,0,0.0122699386503067,0.00306748466257669,0.0429447852760736,0.0184049079754601,0.00306748466257669,0,0.00306748466257669,0.00766871165644172,0.00613496932515337,0.00613496932515337,0.00306748466257669,0.00306748466257669,0
3774250,自营 Apple iPhone 7 (A1660) 32G 银色 + dostyle HS503一体式USB蓝牙耳机 苹果白,5278,苹果（Apple）,4.7,700,1200,1,1,0,16389,15153,745,491,3774250,26.5215053763441,0.0462365591397849,0.056989247311828,0.0301075268817204,0.0354838709677419,0.0258064516129032,0.00537634408602151,0.0118279569892473,0.0279569892473118,0.0161290322580645,0.0032258064516129,0.0344086021505376,0.0139784946236559,0.0043010752688172,0.00645161290322581,0.010752688172043,0.0268817204301075,0.0236559139784946,0.0397849462365591,0.0129032258064516,0.00645161290322581,0.00860215053763441
3774252,自营 Apple iPhone 7 Plus (A1661) 128G 银色 + dostyle HS503一体式USB蓝牙耳机 苹果白,7287,苹果（Apple）,5.5,700,1200,1,1,0,1512,1473,20,19,3774252,23.7746710526316,0.0773026315789474,0.0592105263157895,0.0493421052631579,0.0493421052631579,0.0148026315789474,0.00657894736842105,0.00657894736842105,0.00986842105263158,0.0148026315789474,0.0131578947368421,0.0592105263157895,0.00986842105263158,0.00657894736842105,0.00657894736842105,0.00328947368421053,0,0.0345394736842105,0.00657894736842105,0.00328947368421053,0.00986842105263158,0.00328947368421053
1385679,自营 三星 Galaxy A7 (SM-A7000) 魔幻金 移动联通4G手机 双卡双待,999,三星（SAMSUNG）,5.5,500,1300,2,1,0,57722,54111,2023,1588,1385679,27.3075342465753,0.023972602739726,0.0349315068493151,0.0089041095890411,0.023972602739726,0.0308219178082192,0.0246575342465753,0.010958904109589,0.0479452054794521,0.00479452054794521,0.0294520547945205,0.0726027397260274,0.0123287671232877,0.00616438356164384,0.00958904109589041,0.0191780821917808,0.00958904109589041,0.0315068493150685,0.00273972602739726,0.010958904109589,0.0089041095890411,0.00616438356164384
1429868,自营 三星 Galaxy S6（G9209）32G版 雪晶白 电信4G手机 双卡双待,2399,三星（SAMSUNG）,5.1,500,1600,2,2,0,27144,25624,798,722,1429868,33.2794326241135,0.0624113475177305,0.0297872340425532,0.0283687943262411,0.0212765957446809,0.0418439716312057,0.0297872340425532,0.0134751773049645,0.0716312056737589,0.0304964539007092,0.0418439716312057,0.0319148936170213,0.0234042553191489,0.0113475177304965,0.0177304964539007,0.048936170212766,0.0141843971631206,0.0609929078014184,0.00567375886524823,0.0156028368794326,0.0134751773049645,0.0134751773049645
1859122,自营 三星 Galaxy Note5（N9200）32G版 铂光金 全网通4G手机 双卡双待,3799,三星（SAMSUNG）,5.7,500,1600,2,1,0,14842,14314,276,252,1859122,36.6356073211314,0.0698835274542429,0.0449251247920133,0.021630615640599,0.0224625623960067,0.0341098169717138,0.0307820299500832,0.0199667221297837,0.0524126455906822,0.0366056572379368,0.0183028286189684,0.0599001663893511,0.0266222961730449,0.024126455906822,0.0141430948419301,0.0341098169717138,0.00665557404326123,0.0599001663893511,0.0149750415973378,0.0166389351081531,0.0166389351081531,0.0133111480865225
2206053,自营 三星 Galaxy A5 (SM-A5100) 魔幻金 全网通4G手机 双卡双待,1588,三星（SAMSUNG）,5.2,500,1300,2,1,1,23537,22137,800,600,2206053,26.4791366906475,0.0532374100719424,0.0280575539568345,0.0273381294964029,0.0158273381294964,0.0237410071942446,0.0215827338129496,0.0100719424460432,0.0244604316546763,0.023021582733813,0.0201438848920863,0.039568345323741,0.0330935251798561,0.0100719424460432,0.0122302158273381,0.0359712230215827,0.0158273381294964,0.0460431654676259,0.00359712230215827,0.018705035971223,0.00719424460431655,0.020863309352518
2288929,自营 三星 Galaxy A9 (SM-A9000) 魔幻金 全网通4G手机 双卡双待,1999,三星（SAMSUNG）,6,800,1300,1,1,0,28071,26718,731,622,2288929,36.3035460992908,0.0553191489361702,0.0340425531914894,0.0205673758865248,0.0184397163120567,0.0319148936170213,0.0276595744680851,0.0134751773049645,0.075177304964539,0.0425531914893617,0.0170212765957447,0.0446808510638298,0.0304964539007092,0.00921985815602837,0.0226950354609929,0.0304964539007092,0.0113475177304965,0.0914893617021277,0.00638297872340425,0.0148936170212766,0.00780141843971631,0.0120567375886525
2868435,自营 三星 Galaxy C5（SM-C5000）32G版 蔷薇粉 移动联通电信4G手机 双卡双待,2199,三星（SAMSUNG）,5.2,800,1600,1,1,1,5815,5487,177,151,2868435,25.475665748393,0.0679522497704316,0.0376492194674013,0.0220385674931129,0.00826446280991736,0.0293847566574839,0.0137741046831956,0.00642791551882461,0.0385674931129477,0.0293847566574839,0.0312213039485767,0.0238751147842057,0.0642791551882461,0.0110192837465565,0.0238751147842057,0.0321395775941231,0.0101010101010101,0.0303030303030303,0.00367309458218549,0.00918273645546373,0.0165289256198347,0.00918273645546373
2895156,自营 三星GALAXY J3 Pro（J3110）金 移动联通4G手机,799,三星（SAMSUNG）,5,500,800,0,1,0,9307,8765,295,247,2895156,21.4709944751381,0.0290055248618785,0.0165745856353591,0.0193370165745856,0.0179558011049724,0.0207182320441989,0.0207182320441989,0.00966850828729282,0.0179558011049724,0.00414364640883978,0.0220994475138122,0.0566298342541436,0.0220994475138122,0.00966850828729282,0.0069060773480663,0.0179558011049724,0.0138121546961326,0.0414364640883978,0.0428176795580111,0.0069060773480663,0.00276243093922652,0.00552486187845304
3153148,自营 三星 Galaxy C7（SM-C7000）32G版 枫叶金 移动联通电信4G手机 双卡双待,2599,三星（SAMSUNG）,5.7,800,1600,2,1,1,7471,7158,155,158,3153148,26.3965201465201,0.0677655677655678,0.0393772893772894,0.0283882783882784,0.0192307692307692,0.0164835164835165,0.00457875457875458,0.0146520146520147,0.0412087912087912,0.0128205128205128,0.0146520146520147,0.0494505494505494,0.0531135531135531,0.021978021978022,0.0311355311355311,0.0210622710622711,0.0137362637362637,0.0659340659340659,0.00366300366300366,0.0247252747252747,0.00274725274725275,0.00641025641025641
3243260,自营 三星 Galaxy S7 edge（G9350） 32G 珊瑚蓝 移动联通电信4G手机 双卡双待 骁龙820手机,5688,三星（SAMSUNG）,5.5,500,1200,2,1,0,79332,76112,1517,1703,3243260,48.8016949152542,0.061864406779661,0.0313559322033898,0.0228813559322034,0.0228813559322034,0.0754237288135593,0.0355932203389831,0.00677966101694915,0.0347457627118644,0.0542372881355932,0.0076271186440678,0.0347457627118644,0.0440677966101695,0.0220338983050847,0.0169491525423729,0.0406779661016949,0.011864406779661,0.0745762711864407,0.0101694915254237,0.0135593220338983,0.0211864406779661,0.00932203389830509
3909950,自营 【定金版】三星 Galaxy C9 Pro（C9000）64G 枫叶金 全网通 4G手机 双卡双待,3199,三星（SAMSUNG）,6,1600,1600,1,1,1,3443,3216,89,138,3909950,43.5363372093023,0.142441860465116,0.0421511627906977,0.0305232558139535,0.0276162790697674,0.0508720930232558,0.00581395348837209,0.00290697674418605,0.0377906976744186,0.0392441860465116,0.0188953488372093,0.0203488372093023,0.0712209302325581,0.0319767441860465,0.116279069767442,0.0290697674418605,0.0130813953488372,0.113372093023256,0.0159883720930233,0.00290697674418605,0.00581395348837209,0.0247093023255814
1673109942,京东配送 索尼(SONY)Xperia Z3+ E6533 防水防尘 移动联通双4G手机 黛丽黑,2999,索尼（SONY）,5.2,500,2070,0,1,0,2041,1833,99,109,1673109942,38.0955555555556,0.0222222222222222,0.02,0.0155555555555556,0.0222222222222222,0.0333333333333333,0.04,0,0.0755555555555556,0.0333333333333333,0.0222222222222222,0.0422222222222222,0.0533333333333333,0.0111111111111111,0.0244444444444444,0.02,0.00444444444444444,0.0333333333333333,0.0111111111111111,0.0333333333333333,0.00888888888888889,0.0333333333333333
1816276354,京东配送 索尼(SONY) E6883 Xperia Z5尊享版 移动联通双4G 指纹解锁 镜像银,5199,索尼（SONY）,5.5,500,2300,1,1,1,2897,2735,77,85,1816276354,44.3906040268456,0.0295302013422819,0.0214765100671141,0.0187919463087248,0.0201342281879195,0.0348993288590604,0.0161073825503356,0.00134228187919463,0.0483221476510067,0.0563758389261745,0.00939597315436242,0.0389261744966443,0.0604026845637584,0.0456375838926174,0.0295302013422819,0.0308724832214765,0.0201342281879195,0.0590604026845638,0.0281879194630872,0.0187919463087248,0.025503355704698,0.025503355704698
10065260353,京东配送 索尼(SONY)Xperia Z5 E6683 索尼z5 移动联通双4G 双卡手机 青川绿,3949,索尼（SONY）,5.2,500,2300,1,1,0,1441,1343,51,47,10065260353,36.0261707988981,0.0358126721763085,0.0247933884297521,0.0068870523415978,0.00826446280991736,0.0261707988980716,0.00964187327823691,0.00275482093663912,0.0261707988980716,0.0537190082644628,0.0110192837465565,0.0358126721763085,0.0619834710743802,0.0316804407713499,0.0110192837465565,0.0206611570247934,0.012396694214876,0.0482093663911846,0.0206611570247934,0.0137741046831956,0.0110192837465565,0.0110192837465565
10069410228,京东配送 索尼(SONY)Xperia Z5 E6683 索尼z5 移动联通双4G 双卡手机 原素白,3949,索尼（SONY）,5.2,500,2300,1,1,0,1441,1343,51,47,10069410228,36.0572625698324,0.0349162011173184,0.0251396648044693,0.00558659217877095,0.00698324022346369,0.026536312849162,0.00977653631284916,0.00279329608938547,0.026536312849162,0.053072625698324,0.00977653631284916,0.0363128491620112,0.0614525139664804,0.032122905027933,0.00977653631284916,0.0209497206703911,0.0125698324022346,0.0474860335195531,0.0209497206703911,0.0139664804469274,0.0111731843575419,0.0111731843575419
10654370492,京东配送 索尼(SONY) F8332 Xperia XZ 五轴防抖 移动联通双4G 指纹解锁 静谧蓝 64G,4999,索尼（SONY）,5.2,1300,2300,1,1,0,620,571,28,21,10654370492,96.1666666666667,0.111111111111111,0,0,0.0555555555555556,0.111111111111111,0.111111111111111,0,0.222222222222222,0.222222222222222,0,0,0,0,0,0,0,0.0555555555555556,0.0555555555555556,0.111111111111111,0,0.166666666666667
1514842,自营 小米 Note 移动定制 白色 移动联通双4G手机 双卡双待,888,小米（MI）,5.7,400,1300,2,1,1,86759,82158,2249,2352,1514842,29.8139784946237,0.0354838709677419,0.0333333333333333,0.0204301075268817,0.0236559139784946,0.0387096774193548,0.0129032258064516,0.00860215053763441,0.0139784946236559,0.021505376344086,0.0483870967741935,0.0258064516129032,0.0193548387096774,0.0021505376344086,0.00967741935483871,0.0279569892473118,0.00967741935483871,0.0311827956989247,0.0172043010752688,0.00967741935483871,0.0204301075268817,0.00860215053763441
2351657,自营 小米 红米Note3 全网通版 2GB+16GB 金色 移动联通电信4G手机 双卡双待,799,小米（MI）,5.5,500,1600,1,1,0,545504,522412,12503,10589,2351657,28.0451612903226,0.0537634408602151,0.0634408602150538,0.0204301075268817,0.00967741935483871,0.032258064516129,0.0204301075268817,0.00645161290322581,0.0150537634408602,0.0204301075268817,0.0494623655913978,0.0591397849462366,0.00967741935483871,0.00752688172043011,0.0118279569892473,0.0139784946236559,0.00967741935483871,0.0602150537634409,0.010752688172043,0.00645161290322581,0.00537634408602151,0.00967741935483871
2402692,自营 小米5 全网通 标准版 3GB内存 32GB ROM 白色 移动联通电信4G手机,1599,小米（MI）,5.15,400,1600,1,1,0,127190,120552,3429,3209,2402692,34.9013986013986,0.0699300699300699,0.0398601398601399,0.0223776223776224,0.0181818181818182,0.0251748251748252,0.0244755244755245,0.00559440559440559,0.0132867132867133,0.0202797202797203,0.0244755244755245,0.0804195804195804,0.0300699300699301,0.0125874125874126,0.0223776223776224,0.034965034965035,0.0132867132867133,0.0363636363636364,0.0104895104895105,0.0125874125874126,0.0202797202797203,0.00979020979020979
2788767,自营 小米 Max 全网通 3GB内存 32GB ROM 金色 移动联通电信4G手机,1299,小米（MI）,6.44,500,1600,1,1,0,125988,121020,2625,2343,2788767,30.3967741935484,0.0602150537634409,0.0301075268817204,0.0365591397849462,0.0161290322580645,0.0311827956989247,0.021505376344086,0.00967741935483871,0.021505376344086,0.0247311827956989,0.0365591397849462,0.0333333333333333,0.010752688172043,0.0172043010752688,0.0193548387096774,0.021505376344086,0.0118279569892473,0.159139784946237,0.0236559139784946,0.00645161290322581,0.00860215053763441,0.00537634408602151
3057077,自营 小米 红米Pro 标准全网通版 3GB+32GB 金色 移动联通电信4G手机 双卡双待,1099,小米（MI）,5.5,500,1300,1,1,0,34979,33259,966,754,3057077,35.994495412844,0.0761467889908257,0.0495412844036697,0.0256880733944954,0.0293577981651376,0.0440366972477064,0.0146788990825688,0.0238532110091743,0.0311926605504587,0.0293577981651376,0.0458715596330275,0.0486238532110092,0.0201834862385321,0.0192660550458716,0.0247706422018349,0.0385321100917431,0.0110091743119266,0.0504587155963303,0.0128440366972477,0.0311926605504587,0.0220183486238532,0.00825688073394495
3141248,自营 小米 红米 3S 全网通 2GB内存 16GB ROM 经典金色 移动联通电信4G手机 双卡双待,699,小米（MI）,5,500,1300,1,1,0,625194,597656,15381,12157,3141248,27.3817204301075,0.0666666666666667,0.0537634408602151,0.0344086021505376,0.021505376344086,0.0419354838709677,0.0247311827956989,0.0236559139784946,0.0204301075268817,0.010752688172043,0.0473118279569892,0.0602150537634409,0.0150537634408602,0.010752688172043,0.0139784946236559,0.0236559139784946,0.0139784946236559,0.0193548387096774,0.021505376344086,0.010752688172043,0.0182795698924731,0.00860215053763441
3311953,自营 小米5s 全网通版 4GB内存 32GB ROM 哑光金 移动联通电信4G手机,1899,小米（MI）,5.15,400,1200,1,1,0,50668,48607,1238,823,3311953,34.7279569892473,0.1,0.0580645161290323,0.0311827956989247,0.0172043010752688,0.0247311827956989,0.0118279569892473,0.0150537634408602,0.0279569892473118,0.0494623655913978,0.0258064516129032,0.0344086021505376,0.0408602150537634,0.021505376344086,0.0462365591397849,0.0365591397849462,0.00537634408602151,0.0473118279569892,0.0161290322580645,0.00645161290322581,0.0161290322580645,0.00645161290322581
3322621,自营 小米5s Plus 全网通 标准版 4GB内存 64GB ROM 金色 移动联通电信4G手机,2299,小米（MI）,5.7,400,1300,1,1,0,37346,36360,536,450,3322621,42.6032258064516,0.0838709677419355,0.0365591397849462,0.0290322580645161,0.0172043010752688,0.0505376344086022,0.0161290322580645,0.010752688172043,0.0236559139784946,0.0376344086021505,0.0376344086021505,0.0473118279569892,0.0290322580645161,0.0236559139784946,0.0365591397849462,0.0311827956989247,0.00860215053763441,0.0580645161290323,0.0129032258064516,0.00860215053763441,0.0236559139784946,0.010752688172043
3553571,自营 小米 红米Note4 全网通版 3GB+32GB 金色 移动联通电信4G手机,999,小米（MI）,5.5,500,1300,1,1,0,165584,158352,4221,3011,3553571,30.0964285714286,0.0564285714285714,0.0535714285714286,0.02,0.0157142857142857,0.0328571428571429,0.0157142857142857,0.0214285714285714,0.0314285714285714,0.015,0.0414285714285714,0.0385714285714286,0.04,0.0114285714285714,0.0228571428571429,0.03,0.0114285714285714,0.0321428571428571,0.0228571428571429,0.0178571428571429,0.02,0.0128571428571429
3014422,自营 中兴（ZTE） AXON天机7(A2017) 华尔金 移动联通电信4G 双卡双待 标配版,3099,中兴（ZTE）,5.5,800,2000,1,1,1,2912,2805,67,40,3014422,41.05,0.0787878787878788,0.0348484848484849,0.0181818181818182,0.0272727272727273,0.00303030303030303,0.0166666666666667,0.00454545454545455,0.053030303030303,0.113636363636364,0.0333333333333333,0.0333333333333333,0.053030303030303,0.0393939393939394,0.0378787878787879,0.0515151515151515,0.0515151515151515,0.0939393939393939,0.0151515151515152,0.0121212121212121,0.0121212121212121,0.0121212121212121
3101502,自营 中兴(ZTE) Blade A2 (BV0720) 珍珠银 移动联通电信4G 双卡双待,649,中兴（ZTE）,5,500,1300,1,1,1,56937,53438,2225,1274,3101502,41.4921135646688,0.00946372239747634,0.0157728706624606,0.0157728706624606,0.00946372239747634,0.0725552050473186,0.0441640378548896,0.0252365930599369,0.0630914826498423,0.028391167192429,0.00946372239747634,0.0694006309148265,0.0189274447949527,0.0157728706624606,0.00946372239747634,0.056782334384858,0.0347003154574132,0.0347003154574132,0.0252365930599369,0.0220820189274448,0.028391167192429,0.0252365930599369
3370431,自营 中兴(ZTE) A2 Plus 4GB+32GB高配 流光金 全网通4G双卡双待,999,中兴（ZTE）,5.5,800,1300,1,1,1,6745,6337,257,151,3370431,48.9864559819413,0.090293453724605,0.0496613995485327,0.0203160270880361,0.018058690744921,0.0225733634311512,0.00677200902934537,0.00677200902934537,0.200902934537246,0.0835214446952596,0.106094808126411,0.0338600451467269,0.0496613995485327,0.0383747178329571,0.0564334085778781,0.0586907449209932,0.0270880361173815,0.0632054176072235,0.0338600451467269,0.0451467268623025,0.0112866817155756,0.0383747178329571
3554753,自营 中兴（ZTE）天机7MAX（C2017） 华尔金 移动联通电信4G 双卡双待,2999,中兴（ZTE）,6,1300,1300,1,1,0,534,527,7,0,3554753,134.428571428571,0.285714285714286,0.428571428571429,0,0,0.285714285714286,0,0,0.285714285714286,0,0,0,0,0.571428571428571,0,0.285714285714286,0,0.428571428571429,0,0,0,0.571428571428571
