date,CIMV_SHSE50ETF,CIMV_SHSE300ETF,CIMV_SZSE300ETF,CIMV_CSI300Index
2015-02-09 00:00:00,25.10503905,,,
2015-02-10 00:00:00,25.56823443,,,
2015-02-11 00:00:00,23.33264519,,,
2015-02-12 00:00:00,22.95796461,,,
2015-02-13 00:00:00,20.61984588,,,
2015-02-16 00:00:00,20.84911525,,,
2015-02-17 00:00:00,21.31853689,,,
2015-02-25 00:00:00,23.2072435,,,
2015-02-26 00:00:00,22.15559931,,,
2015-02-27 00:00:00,23.92242809,,,
2015-03-02 00:00:00,24.87762148,,,
2015-03-03 00:00:00,25.15634161,,,
2015-03-04 00:00:00,24.40934384,,,
2015-03-05 00:00:00,23.49550249,,,
2015-03-06 00:00:00,23.31769365,,,
2015-03-09 00:00:00,23.7980318,,,
2015-03-10 00:00:00,23.07746517,,,
2015-03-11 00:00:00,22.62419065,,,
2015-03-12 00:00:00,22.03118008,,,
2015-03-13 00:00:00,22.06981876,,,
2015-03-16 00:00:00,21.657492,,,
2015-03-17 00:00:00,22.01666147,,,
2015-03-18 00:00:00,21.83833333,,,
2015-03-19 00:00:00,24.20033731,,,
2015-03-20 00:00:00,23.45842641,,,
2015-03-23 00:00:00,25.5343046,,,
2015-03-24 00:00:00,27.75558126,,,
2015-03-25 00:00:00,27.22416534,,,
2015-03-26 00:00:00,26.24042296,,,
2015-03-27 00:00:00,26.47441946,,,
2015-03-30 00:00:00,24.47008763,,,
2015-03-31 00:00:00,27.31456038,,,
2015-04-01 00:00:00,27.27169237,,,
2015-04-02 00:00:00,28.95729423,,,
2015-04-03 00:00:00,28.07028185,,,
2015-04-07 00:00:00,26.04233641,,,
2015-04-08 00:00:00,28.88773526,,,
2015-04-09 00:00:00,31.98502663,,,
2015-04-10 00:00:00,30.15799468,,,
2015-04-13 00:00:00,33.82244923,,,
2015-04-14 00:00:00,36.12887774,,,
2015-04-15 00:00:00,35.9582545,,,
2015-04-16 00:00:00,33.45517009,,,
2015-04-17 00:00:00,36.41172563,,,
2015-04-20 00:00:00,42.85763932,,,
2015-04-21 00:00:00,42.05937852,,,
2015-04-22 00:00:00,39.09532249,,,
2015-04-23 00:00:00,39.95202468,,,
2015-04-24 00:00:00,40.53475976,,,
2015-04-27 00:00:00,39.59972906,,,
2015-04-28 00:00:00,41.77999492,,,
2015-04-29 00:00:00,41.63633732,,,
2015-04-30 00:00:00,41.71243279,,,
2015-05-04 00:00:00,40.79131519,,,
2015-05-05 00:00:00,40.7115025,,,
2015-05-06 00:00:00,40.60466973,,,
2015-05-07 00:00:00,41.43579148,,,
2015-05-08 00:00:00,40.86336585,,,
2015-05-11 00:00:00,40.83196537,,,
2015-05-12 00:00:00,40.95026132,,,
2015-05-13 00:00:00,40.53611187,,,
2015-05-14 00:00:00,39.62954347,,,
2015-05-15 00:00:00,36.42321374,,,
2015-05-18 00:00:00,33.43908617,,,
2015-05-19 00:00:00,33.7802301,,,
2015-05-20 00:00:00,36.53021949,,,
2015-05-21 00:00:00,37.53622573,,,
2015-05-22 00:00:00,38.18525055,,,
2015-05-25 00:00:00,40.46169372,,,
2015-05-26 00:00:00,41.15092941,,,
2015-05-27 00:00:00,42.55577176,,,
2015-05-28 00:00:00,41.57863191,,,
2015-05-29 00:00:00,42.42115568,,,
2015-06-01 00:00:00,41.85241257,,,
2015-06-02 00:00:00,42.75448286,,,
2015-06-03 00:00:00,43.02524041,,,
2015-06-04 00:00:00,41.49378924,,,
2015-06-05 00:00:00,41.5627429,,,
2015-06-08 00:00:00,37.96546846,,,
2015-06-09 00:00:00,42.44927032,,,
2015-06-10 00:00:00,42.97496464,,,
2015-06-11 00:00:00,44.46716628,,,
2015-06-12 00:00:00,44.27152104,,,
2015-06-15 00:00:00,42.78917215,,,
2015-06-16 00:00:00,41.76644793,,,
2015-06-17 00:00:00,41.77506102,,,
2015-06-18 00:00:00,41.48188132,,,
2015-06-19 00:00:00,41.85492928,,,
2015-06-23 00:00:00,47.48666648,,,
2015-06-24 00:00:00,47.61158162,,,
2015-06-25 00:00:00,43.4373498,,,
2015-06-26 00:00:00,44.75830944,,,
2015-06-29 00:00:00,56.61026519,,,
2015-06-30 00:00:00,56.25135731,,,
2015-07-01 00:00:00,52.81447375,,,
2015-07-02 00:00:00,54.47126685,,,
2015-07-03 00:00:00,51.56622481,,,
2015-07-06 00:00:00,56.21775057,,,
2015-07-07 00:00:00,51.37481287,,,
2015-07-08 00:00:00,47.53974417,,,
2015-07-09 00:00:00,51.74492675,,,
2015-07-10 00:00:00,50.71396246,,,
2015-07-13 00:00:00,49.70145178,,,
2015-07-14 00:00:00,45.89708926,,,
2015-07-15 00:00:00,41.80876555,,,
2015-07-16 00:00:00,38.5291217,,,
2015-07-17 00:00:00,36.62798056,,,
2015-07-20 00:00:00,35.93469262,,,
2015-07-21 00:00:00,36.06271905,,,
2015-07-22 00:00:00,32.32677621,,,
2015-07-23 00:00:00,30.29679696,,,
2015-07-24 00:00:00,30.01288917,,,
2015-07-27 00:00:00,25.78860389,,,
2015-07-28 00:00:00,35.51590424,,,
2015-07-29 00:00:00,37.86504526,,,
2015-07-30 00:00:00,32.80167731,,,
2015-07-31 00:00:00,36.33834902,,,
2015-08-03 00:00:00,36.84006883,,,
2015-08-04 00:00:00,36.75762269,,,
2015-08-05 00:00:00,36.7256683,,,
2015-08-06 00:00:00,37.9429274,,,
2015-08-07 00:00:00,37.31612106,,,
2015-08-10 00:00:00,37.29414452,,,
2015-08-11 00:00:00,36.99548414,,,
2015-08-12 00:00:00,36.58277241,,,
2015-08-13 00:00:00,36.37451926,,,
2015-08-14 00:00:00,36.37374468,,,
2015-08-17 00:00:00,36.51070716,,,
2015-08-18 00:00:00,33.558985,,,
2015-08-19 00:00:00,34.12348308,,,
2015-08-20 00:00:00,33.87958755,,,
2015-08-21 00:00:00,31.2000396,,,
2015-08-24 00:00:00,21.75617964,,,
2015-08-25 00:00:00,40.10076553,,,
2015-08-26 00:00:00,58.80665394,,,
2015-08-27 00:00:00,57.23234954,,,
2015-08-28 00:00:00,57.54906332,,,
2015-08-31 00:00:00,58.61952233,,,
2015-09-01 00:00:00,59.1442284,,,
2015-09-02 00:00:00,56.5099353,,,
2015-09-07 00:00:00,55.14939198,,,
2015-09-08 00:00:00,44.34223135,,,
2015-09-09 00:00:00,42.16869692,,,
2015-09-10 00:00:00,38.3059374,,,
2015-09-11 00:00:00,37.41679485,,,
2015-09-14 00:00:00,38.82941316,,,
2015-09-15 00:00:00,40.89511544,,,
2015-09-16 00:00:00,37.48656244,,,
2015-09-17 00:00:00,37.0117364,,,
2015-09-18 00:00:00,36.99351596,,,
2015-09-21 00:00:00,36.51159447,,,
2015-09-22 00:00:00,33.83520302,,,
2015-09-23 00:00:00,35.49108293,,,
2015-09-24 00:00:00,34.17120046,,,
2015-09-25 00:00:00,31.37824246,,,
2015-09-28 00:00:00,28.41149888,,,
2015-09-29 00:00:00,27.75406133,,,
2015-09-30 00:00:00,27.54062911,,,
2015-10-08 00:00:00,28.21798189,,,
2015-10-09 00:00:00,26.65502176,,,
2015-10-12 00:00:00,25.95801233,,,
2015-10-13 00:00:00,28.61103149,,,
2015-10-14 00:00:00,28.14753988,,,
2015-10-15 00:00:00,26.09614234,,,
2015-10-16 00:00:00,25.84939472,,,
2015-10-19 00:00:00,26.92063292,,,
2015-10-20 00:00:00,27.48777678,,,
2015-10-21 00:00:00,29.06720458,,,
2015-10-22 00:00:00,28.41430112,,,
2015-10-23 00:00:00,27.51521231,,,
2015-10-26 00:00:00,28.99959492,,,
2015-10-27 00:00:00,27.21437288,,,
2015-10-28 00:00:00,28.02443045,,,
2015-10-29 00:00:00,28.17785421,,,
2015-10-30 00:00:00,25.44162645,,,
2015-11-02 00:00:00,26.41933641,,,
2015-11-03 00:00:00,26.61843466,,,
2015-11-04 00:00:00,26.3579012,,,
2015-11-05 00:00:00,28.90980933,,,
2015-11-06 00:00:00,29.20524018,,,
2015-11-09 00:00:00,38.62763555,,,
2015-11-10 00:00:00,39.80543426,,,
2015-11-11 00:00:00,36.44602814,,,
2015-11-12 00:00:00,35.44039661,,,
2015-11-13 00:00:00,34.55940321,,,
2015-11-16 00:00:00,35.332466,,,
2015-11-17 00:00:00,34.69973486,,,
2015-11-18 00:00:00,33.95022283,,,
2015-11-19 00:00:00,33.14134591,,,
2015-11-20 00:00:00,31.22096315,,,
2015-11-23 00:00:00,30.2466863,,,
2015-11-24 00:00:00,28.82416141,,,
2015-11-25 00:00:00,29.32971673,,,
2015-11-26 00:00:00,27.20206757,,,
2015-11-27 00:00:00,31.64058185,,,
2015-11-30 00:00:00,31.55463665,,,
2015-12-01 00:00:00,30.88611919,,,
2015-12-02 00:00:00,29.289013,,,
2015-12-03 00:00:00,29.65480585,,,
2015-12-04 00:00:00,29.36893098,,,
2015-12-07 00:00:00,28.44294033,,,
2015-12-08 00:00:00,28.13923294,,,
2015-12-09 00:00:00,27.81401486,,,
2015-12-10 00:00:00,27.53545503,,,
2015-12-11 00:00:00,27.51791226,,,
2015-12-14 00:00:00,27.6357849,,,
2015-12-15 00:00:00,27.08512743,,,
2015-12-16 00:00:00,26.98000916,,,
2015-12-17 00:00:00,25.85663395,,,
2015-12-18 00:00:00,23.21899178,,,
2015-12-21 00:00:00,23.39840285,,,
2015-12-22 00:00:00,24.77743433,,,
2015-12-23 00:00:00,25.1492466,,,
2015-12-24 00:00:00,24.25888934,,,
2015-12-25 00:00:00,23.34360331,,,
2015-12-28 00:00:00,24.7250361,,,
2015-12-29 00:00:00,24.16226061,,,
2015-12-30 00:00:00,24.35936326,,,
2015-12-31 00:00:00,24.91618455,,,
2016-01-04 00:00:00,26.23516866,,,
2016-01-05 00:00:00,28.79276933,,,
2016-01-06 00:00:00,28.10119099,,,
2016-01-07 00:00:00,23.4850288,,,
2016-01-08 00:00:00,31.6203032,,,
2016-01-11 00:00:00,29.57881054,,,
2016-01-12 00:00:00,32.02779412,,,
2016-01-13 00:00:00,30.81544966,,,
2016-01-14 00:00:00,33.79689277,,,
2016-01-15 00:00:00,31.19945896,,,
2016-01-18 00:00:00,33.26928588,,,
2016-01-19 00:00:00,33.33546947,,,
2016-01-20 00:00:00,32.7098399,,,
2016-01-21 00:00:00,30.63596713,,,
2016-01-22 00:00:00,31.06948282,,,
2016-01-25 00:00:00,30.70471612,,,
2016-01-26 00:00:00,26.04981556,,,
2016-01-27 00:00:00,34.34632001,,,
2016-01-28 00:00:00,33.27787794,,,
2016-01-29 00:00:00,34.56427919,,,
2016-02-01 00:00:00,32.2304276,,,
2016-02-02 00:00:00,31.09688254,,,
2016-02-03 00:00:00,30.81697211,,,
2016-02-04 00:00:00,30.57293092,,,
2016-02-05 00:00:00,31.39485264,,,
2016-02-15 00:00:00,33.46694026,,,
2016-02-16 00:00:00,32.76842622,,,
2016-02-17 00:00:00,31.8275801,,,
2016-02-18 00:00:00,30.14643494,,,
2016-02-19 00:00:00,28.78038235,,,
2016-02-22 00:00:00,27.84537214,,,
2016-02-23 00:00:00,28.8613513,,,
2016-02-24 00:00:00,29.02726118,,,
2016-02-25 00:00:00,29.36853142,,,
2016-02-26 00:00:00,28.88104581,,,
2016-02-29 00:00:00,28.81091942,,,
2016-03-01 00:00:00,27.86362093,,,
2016-03-02 00:00:00,29.12502655,,,
2016-03-03 00:00:00,29.63215947,,,
2016-03-04 00:00:00,29.47022696,,,
2016-03-07 00:00:00,30.42544696,,,
2016-03-08 00:00:00,29.98562041,,,
2016-03-09 00:00:00,29.92313441,,,
2016-03-10 00:00:00,30.02105625,,,
2016-03-11 00:00:00,29.94256996,,,
2016-03-14 00:00:00,29.54462121,,,
2016-03-15 00:00:00,29.04336085,,,
2016-03-16 00:00:00,28.40247146,,,
2016-03-17 00:00:00,28.05669288,,,
2016-03-18 00:00:00,28.00771054,,,
2016-03-21 00:00:00,28.09986781,,,
2016-03-22 00:00:00,29.81463907,,,
2016-03-23 00:00:00,30.59211222,,,
2016-03-24 00:00:00,29.42831649,,,
2016-03-25 00:00:00,27.55567739,,,
2016-03-28 00:00:00,27.5019018,,,
2016-03-29 00:00:00,27.86151529,,,
2016-03-30 00:00:00,27.20136769,,,
2016-03-31 00:00:00,27.54040066,,,
2016-04-01 00:00:00,27.03775723,,,
2016-04-05 00:00:00,26.59207595,,,
2016-04-06 00:00:00,26.49116943,,,
2016-04-07 00:00:00,25.29440157,,,
2016-04-08 00:00:00,24.20226384,,,
2016-04-11 00:00:00,23.87934943,,,
2016-04-12 00:00:00,23.15473285,,,
2016-04-13 00:00:00,23.01938454,,,
2016-04-14 00:00:00,22.46446012,,,
2016-04-15 00:00:00,22.47135108,,,
2016-04-18 00:00:00,22.69838671,,,
2016-04-19 00:00:00,22.04067153,,,
2016-04-20 00:00:00,22.1527003,,,
2016-04-21 00:00:00,21.6677527,,,
2016-04-22 00:00:00,21.22379694,,,
2016-04-25 00:00:00,21.7135261,,,
2016-04-26 00:00:00,21.96023959,,,
2016-04-27 00:00:00,21.92127381,,,
2016-04-28 00:00:00,20.92619239,,,
2016-04-29 00:00:00,20.17531944,,,
2016-05-03 00:00:00,20.16976615,,,
2016-05-04 00:00:00,19.66190659,,,
2016-05-05 00:00:00,19.35070702,,,
2016-05-06 00:00:00,20.04356507,,,
2016-05-09 00:00:00,22.69068528,,,
2016-05-10 00:00:00,21.58868972,,,
2016-05-11 00:00:00,20.21625073,,,
2016-05-12 00:00:00,20.29403097,,,
2016-05-13 00:00:00,19.64165574,,,
2016-05-16 00:00:00,19.39528068,,,
2016-05-17 00:00:00,18.94550679,,,
2016-05-18 00:00:00,18.99394028,,,
2016-05-19 00:00:00,18.3420338,,,
2016-05-20 00:00:00,17.56466862,,,
2016-05-23 00:00:00,16.77682324,,,
2016-05-24 00:00:00,16.51479115,,,
2016-05-25 00:00:00,17.22384035,,,
2016-05-26 00:00:00,15.91249129,,,
2016-05-27 00:00:00,15.38010709,,,
2016-05-30 00:00:00,15.6950541,,,
2016-05-31 00:00:00,18.10693676,,,
2016-06-01 00:00:00,17.96435109,,,
2016-06-02 00:00:00,17.68400814,,,
2016-06-03 00:00:00,17.75429833,,,
2016-06-06 00:00:00,17.88728267,,,
2016-06-07 00:00:00,17.70797448,,,
2016-06-08 00:00:00,17.96705024,,,
2016-06-13 00:00:00,19.23659536,,,
2016-06-14 00:00:00,18.71662797,,,
2016-06-15 00:00:00,16.6559697,,,
2016-06-16 00:00:00,16.29403651,,,
2016-06-17 00:00:00,15.68382427,,,
2016-06-20 00:00:00,16.43550367,,,
2016-06-21 00:00:00,16.31210853,,,
2016-06-22 00:00:00,16.81866838,,,
2016-06-23 00:00:00,17.24610855,,,
2016-06-24 00:00:00,17.59344223,,,
2016-06-27 00:00:00,17.18904159,,,
2016-06-28 00:00:00,16.40127084,,,
2016-06-29 00:00:00,15.87693475,,,
2016-06-30 00:00:00,15.44911953,,,
2016-07-01 00:00:00,15.1552984,,,
2016-07-04 00:00:00,15.11604562,,,
2016-07-05 00:00:00,15.63155019,,,
2016-07-06 00:00:00,15.61004555,,,
2016-07-07 00:00:00,16.23066995,,,
2016-07-08 00:00:00,16.17346158,,,
2016-07-11 00:00:00,15.95367015,,,
2016-07-12 00:00:00,15.62041107,,,
2016-07-13 00:00:00,16.72574823,,,
2016-07-14 00:00:00,16.48161329,,,
2016-07-15 00:00:00,16.58397729,,,
2016-07-18 00:00:00,17.29612874,,,
2016-07-19 00:00:00,17.24213428,,,
2016-07-20 00:00:00,17.20678588,,,
2016-07-21 00:00:00,17.34137733,,,
2016-07-22 00:00:00,17.08332331,,,
2016-07-25 00:00:00,16.8302338,,,
2016-07-26 00:00:00,16.22437995,,,
2016-07-27 00:00:00,16.98015289,,,
2016-07-28 00:00:00,15.84824636,,,
2016-07-29 00:00:00,15.75291216,,,
2016-08-01 00:00:00,15.82596837,,,
2016-08-02 00:00:00,15.3525177,,,
2016-08-03 00:00:00,14.94461833,,,
2016-08-04 00:00:00,14.57757328,,,
2016-08-05 00:00:00,14.32087371,,,
2016-08-08 00:00:00,14.25192665,,,
2016-08-09 00:00:00,13.81638997,,,
2016-08-10 00:00:00,13.85038071,,,
2016-08-11 00:00:00,13.98137179,,,
2016-08-12 00:00:00,14.02791193,,,
2016-08-15 00:00:00,16.20260757,,,
2016-08-16 00:00:00,16.38431285,,,
2016-08-17 00:00:00,16.55885833,,,
2016-08-18 00:00:00,16.7815101,,,
2016-08-19 00:00:00,16.89252733,,,
2016-08-22 00:00:00,17.05964655,,,
2016-08-23 00:00:00,16.73407967,,,
2016-08-24 00:00:00,16.76933912,,,
2016-08-25 00:00:00,16.86790693,,,
2016-08-26 00:00:00,16.81978806,,,
2016-08-29 00:00:00,17.22766322,,,
2016-08-30 00:00:00,17.25451188,,,
2016-08-31 00:00:00,17.5465309,,,
2016-09-01 00:00:00,17.53402773,,,
2016-09-02 00:00:00,17.4894497,,,
2016-09-05 00:00:00,17.36633361,,,
2016-09-06 00:00:00,17.15337919,,,
2016-09-07 00:00:00,17.17780879,,,
2016-09-08 00:00:00,16.72383128,,,
2016-09-09 00:00:00,15.66779602,,,
2016-09-12 00:00:00,15.91374283,,,
2016-09-13 00:00:00,14.72169341,,,
2016-09-14 00:00:00,14.70136604,,,
2016-09-19 00:00:00,14.53502059,,,
2016-09-20 00:00:00,14.15406169,,,
2016-09-21 00:00:00,14.45528427,,,
2016-09-22 00:00:00,13.42236159,,,
2016-09-23 00:00:00,13.09775829,,,
2016-09-26 00:00:00,13.27823012,,,
2016-09-27 00:00:00,13.38562863,,,
2016-09-28 00:00:00,13.50374562,,,
2016-09-29 00:00:00,12.34746901,,,
2016-09-30 00:00:00,13.40316285,,,
2016-10-10 00:00:00,13.88686317,,,
2016-10-11 00:00:00,13.2431068,,,
2016-10-12 00:00:00,13.23348157,,,
2016-10-13 00:00:00,12.94132032,,,
2016-10-14 00:00:00,12.39007351,,,
2016-10-17 00:00:00,12.18256067,,,
2016-10-18 00:00:00,12.2942347,,,
2016-10-19 00:00:00,12.76564995,,,
2016-10-20 00:00:00,12.3599505,,,
2016-10-21 00:00:00,12.32401971,,,
2016-10-24 00:00:00,13.03398495,,,
2016-10-25 00:00:00,13.27014379,,,
2016-10-26 00:00:00,13.52808763,,,
2016-10-27 00:00:00,13.20785316,,,
2016-10-28 00:00:00,13.32927321,,,
2016-10-31 00:00:00,13.39285369,,,
2016-11-01 00:00:00,13.57999838,,,
2016-11-02 00:00:00,13.99360506,,,
2016-11-03 00:00:00,14.84736768,,,
2016-11-04 00:00:00,14.95054989,,,
2016-11-07 00:00:00,16.07557315,,,
2016-11-08 00:00:00,15.79497058,,,
2016-11-09 00:00:00,15.39510008,,,
2016-11-10 00:00:00,13.96928685,,,
2016-11-11 00:00:00,13.61937646,,,
2016-11-14 00:00:00,14.23438879,,,
2016-11-15 00:00:00,14.20052751,,,
2016-11-16 00:00:00,13.91732123,,,
2016-11-17 00:00:00,13.58992405,,,
2016-11-18 00:00:00,13.42940235,,,
2016-11-21 00:00:00,12.95733355,,,
2016-11-22 00:00:00,13.6884757,,,
2016-11-23 00:00:00,13.85063885,,,
2016-11-24 00:00:00,13.55135466,,,
2016-11-25 00:00:00,13.46651118,,,
2016-11-28 00:00:00,15.38253939,,,
2016-11-29 00:00:00,14.72223679,,,
2016-11-30 00:00:00,16.1671348,,,
2016-12-01 00:00:00,15.56269941,,,
2016-12-02 00:00:00,15.94304713,,,
2016-12-05 00:00:00,16.08630841,,,
2016-12-06 00:00:00,15.86408356,,,
2016-12-07 00:00:00,15.28210364,,,
2016-12-08 00:00:00,14.22525123,,,
2016-12-09 00:00:00,14.54821568,,,
2016-12-12 00:00:00,15.55000487,,,
2016-12-13 00:00:00,15.59052017,,,
2016-12-14 00:00:00,16.11505126,,,
2016-12-15 00:00:00,18.29251916,,,
2016-12-16 00:00:00,17.53027567,,,
2016-12-19 00:00:00,19.19144259,,,
2016-12-20 00:00:00,20.26656945,,,
2016-12-21 00:00:00,19.41480271,,,
2016-12-22 00:00:00,19.76026965,,,
2016-12-23 00:00:00,19.35251431,,,
2016-12-26 00:00:00,19.96816823,,,
2016-12-27 00:00:00,20.55908161,,,
2016-12-28 00:00:00,20.34966699,,,
2016-12-29 00:00:00,19.38962956,,,
2016-12-30 00:00:00,19.23268527,,,
2017-01-03 00:00:00,16.48805746,,,
2017-01-04 00:00:00,15.12157117,,,
2017-01-05 00:00:00,14.98804431,,,
2017-01-06 00:00:00,14.74779953,,,
2017-01-09 00:00:00,14.16906186,,,
2017-01-10 00:00:00,13.88082761,,,
2017-01-11 00:00:00,13.84571383,,,
2017-01-12 00:00:00,14.45348955,,,
2017-01-13 00:00:00,13.23957422,,,
2017-01-16 00:00:00,13.17937064,,,
2017-01-17 00:00:00,12.13541129,,,
2017-01-18 00:00:00,11.86023516,,,
2017-01-19 00:00:00,11.9055495,,,
2017-01-20 00:00:00,11.53359772,,,
2017-01-23 00:00:00,11.47501975,,,
2017-01-24 00:00:00,11.29335659,,,
2017-01-25 00:00:00,11.14976701,,,
2017-01-26 00:00:00,11.10743737,,,
2017-02-03 00:00:00,12.47205025,,,
2017-02-06 00:00:00,12.60981803,,,
2017-02-07 00:00:00,12.1270078,,,
2017-02-08 00:00:00,12.90385544,,,
2017-02-09 00:00:00,12.71289436,,,
2017-02-10 00:00:00,12.52125463,,,
2017-02-13 00:00:00,12.11141222,,,
2017-02-14 00:00:00,11.40880546,,,
2017-02-15 00:00:00,11.15454637,,,
2017-02-16 00:00:00,11.25231532,,,
2017-02-17 00:00:00,11.75480509,,,
2017-02-20 00:00:00,12.08650872,,,
2017-02-21 00:00:00,12.28504796,,,
2017-02-22 00:00:00,11.83908362,,,
2017-02-23 00:00:00,11.02918989,,,
2017-02-24 00:00:00,11.19426599,,,
2017-02-27 00:00:00,12.03638988,,,
2017-02-28 00:00:00,11.92085198,,,
2017-03-01 00:00:00,11.68490627,,,
2017-03-02 00:00:00,12.03389688,,,
2017-03-03 00:00:00,11.19642508,,,
2017-03-06 00:00:00,11.63319257,,,
2017-03-07 00:00:00,11.53636674,,,
2017-03-08 00:00:00,10.71852519,,,
2017-03-09 00:00:00,10.33994182,,,
2017-03-10 00:00:00,10.0678195,,,
2017-03-13 00:00:00,10.51797527,,,
2017-03-14 00:00:00,10.59113032,,,
2017-03-15 00:00:00,11.27232269,,,
2017-03-16 00:00:00,10.22242153,,,
2017-03-17 00:00:00,9.925343075,,,
2017-03-20 00:00:00,9.919251806,,,
2017-03-21 00:00:00,9.973073539,,,
2017-03-22 00:00:00,9.903595927,,,
2017-03-23 00:00:00,9.270542898,,,
2017-03-24 00:00:00,9.293829582,,,
2017-03-27 00:00:00,10.09138092,,,
2017-03-28 00:00:00,10.22326862,,,
2017-03-29 00:00:00,9.902455452,,,
2017-03-30 00:00:00,9.759174069,,,
2017-03-31 00:00:00,9.505910756,,,
2017-04-05 00:00:00,9.934648531,,,
2017-04-06 00:00:00,9.945191306,,,
2017-04-07 00:00:00,9.904148541,,,
2017-04-10 00:00:00,9.976944486,,,
2017-04-11 00:00:00,9.841935745,,,
2017-04-12 00:00:00,9.864098519,,,
2017-04-13 00:00:00,9.85840175,,,
2017-04-14 00:00:00,10.28496493,,,
2017-04-17 00:00:00,10.10900815,,,
2017-04-18 00:00:00,10.1065567,,,
2017-04-19 00:00:00,10.42137795,,,
2017-04-20 00:00:00,10.04641887,,,
2017-04-21 00:00:00,9.57614998,,,
2017-04-24 00:00:00,9.914847945,,,
2017-04-25 00:00:00,9.546798437,,,
2017-04-26 00:00:00,9.193770899,,,
2017-04-27 00:00:00,9.026624066,,,
2017-04-28 00:00:00,9.083082365,,,
2017-05-02 00:00:00,9.120212491,,,
2017-05-03 00:00:00,9.11285253,,,
2017-05-04 00:00:00,9.083901929,,,
2017-05-05 00:00:00,9.445117116,,,
2017-05-08 00:00:00,9.434871079,,,
2017-05-09 00:00:00,8.997239944,,,
2017-05-10 00:00:00,8.511642445,,,
2017-05-11 00:00:00,8.422181983,,,
2017-05-12 00:00:00,8.76121055,,,
2017-05-15 00:00:00,8.927455469,,,
2017-05-16 00:00:00,8.710768158,,,
2017-05-17 00:00:00,8.607957223,,,
2017-05-18 00:00:00,8.562856277,,,
2017-05-19 00:00:00,8.762824408,,,
2017-05-22 00:00:00,8.499025935,,,
2017-05-23 00:00:00,8.62196781,,,
2017-05-24 00:00:00,8.69160673,,,
2017-05-25 00:00:00,12.2829537,,,
2017-05-26 00:00:00,10.80702645,,,
2017-05-31 00:00:00,12.0128019,,,
2017-06-01 00:00:00,12.06813117,,,
2017-06-02 00:00:00,12.54057515,,,
2017-06-05 00:00:00,11.7313734,,,
2017-06-06 00:00:00,12.29672953,,,
2017-06-07 00:00:00,13.39684372,,,
2017-06-08 00:00:00,14.04851478,,,
2017-06-09 00:00:00,14.78367084,,,
2017-06-12 00:00:00,15.2206307,,,
2017-06-13 00:00:00,14.85064138,,,
2017-06-14 00:00:00,14.06608577,,,
2017-06-15 00:00:00,13.58722575,,,
2017-06-16 00:00:00,13.02356216,,,
2017-06-19 00:00:00,13.5285584,,,
2017-06-20 00:00:00,13.6728401,,,
2017-06-21 00:00:00,13.1263042,,,
2017-06-22 00:00:00,13.42598338,,,
2017-06-23 00:00:00,13.70669705,,,
2017-06-26 00:00:00,15.13598461,,,
2017-06-27 00:00:00,14.67178884,,,
2017-06-28 00:00:00,14.85753585,,,
2017-06-29 00:00:00,14.34020934,,,
2017-06-30 00:00:00,14.26574466,,,
2017-07-03 00:00:00,13.79736387,,,
2017-07-04 00:00:00,12.97997929,,,
2017-07-05 00:00:00,14.06736515,,,
2017-07-06 00:00:00,13.66867753,,,
2017-07-07 00:00:00,13.70681533,,,
2017-07-10 00:00:00,13.72139709,,,
2017-07-11 00:00:00,13.53821338,,,
2017-07-12 00:00:00,14.56380768,,,
2017-07-13 00:00:00,14.57470564,,,
2017-07-14 00:00:00,15.52557857,,,
2017-07-17 00:00:00,17.1149398,,,
2017-07-18 00:00:00,16.65991391,,,
2017-07-19 00:00:00,15.79988203,,,
2017-07-20 00:00:00,16.96263762,,,
2017-07-21 00:00:00,15.92426242,,,
2017-07-24 00:00:00,15.46326199,,,
2017-07-25 00:00:00,15.116966,,,
2017-07-26 00:00:00,15.69919934,,,
2017-07-27 00:00:00,15.63460689,,,
2017-07-28 00:00:00,15.33624123,,,
2017-07-31 00:00:00,15.54071338,,,
2017-08-01 00:00:00,14.86507439,,,
2017-08-02 00:00:00,14.63683757,,,
2017-08-03 00:00:00,15.04220289,,,
2017-08-04 00:00:00,14.7122359,,,
2017-08-07 00:00:00,15.13827061,,,
2017-08-08 00:00:00,14.78400745,,,
2017-08-09 00:00:00,14.0324965,,,
2017-08-10 00:00:00,13.48712201,,,
2017-08-11 00:00:00,14.38765006,,,
2017-08-14 00:00:00,14.04635505,,,
2017-08-15 00:00:00,13.78714126,,,
2017-08-16 00:00:00,13.70699266,,,
2017-08-17 00:00:00,13.5368378,,,
2017-08-18 00:00:00,13.30282368,,,
2017-08-21 00:00:00,12.92976092,,,
2017-08-22 00:00:00,12.3173395,,,
2017-08-23 00:00:00,12.94264705,,,
2017-08-24 00:00:00,12.60391712,,,
2017-08-25 00:00:00,13.63324632,,,
2017-08-28 00:00:00,14.10101893,,,
2017-08-29 00:00:00,14.79877438,,,
2017-08-30 00:00:00,14.5018601,,,
2017-08-31 00:00:00,14.43121006,,,
2017-09-01 00:00:00,14.3498312,,,
2017-09-04 00:00:00,14.8387922,,,
2017-09-05 00:00:00,14.82617519,,,
2017-09-06 00:00:00,15.05969276,,,
2017-09-07 00:00:00,14.50948718,,,
2017-09-08 00:00:00,14.26205648,,,
2017-09-11 00:00:00,14.91687178,,,
2017-09-12 00:00:00,14.97785074,,,
2017-09-13 00:00:00,15.09069738,,,
2017-09-14 00:00:00,13.85733296,,,
2017-09-15 00:00:00,13.40694626,,,
2017-09-18 00:00:00,13.50219998,,,
2017-09-19 00:00:00,12.75672127,,,
2017-09-20 00:00:00,12.61940718,,,
2017-09-21 00:00:00,12.57823201,,,
2017-09-22 00:00:00,12.40987306,,,
2017-09-25 00:00:00,12.62458303,,,
2017-09-26 00:00:00,12.47166818,,,
2017-09-27 00:00:00,12.04576453,,,
2017-09-28 00:00:00,10.36668681,,,
2017-09-29 00:00:00,10.79218118,,,
2017-10-09 00:00:00,11.43848553,,,
2017-10-10 00:00:00,11.47089501,,,
2017-10-11 00:00:00,10.89017098,,,
2017-10-12 00:00:00,10.50856459,,,
2017-10-13 00:00:00,10.49312449,,,
2017-10-16 00:00:00,10.39620649,,,
2017-10-17 00:00:00,10.48640971,,,
2017-10-18 00:00:00,10.11155118,,,
2017-10-19 00:00:00,10.28812191,,,
2017-10-20 00:00:00,10.30807538,,,
2017-10-23 00:00:00,10.16480019,,,
2017-10-24 00:00:00,11.34829929,,,
2017-10-25 00:00:00,11.12945832,,,
2017-10-26 00:00:00,10.9602644,,,
2017-10-27 00:00:00,10.51330153,,,
2017-10-30 00:00:00,11.4014724,,,
2017-10-31 00:00:00,10.75874736,,,
2017-11-01 00:00:00,10.44877399,,,
2017-11-02 00:00:00,10.39764458,,,
2017-11-03 00:00:00,10.22859386,,,
2017-11-06 00:00:00,10.51589564,,,
2017-11-07 00:00:00,10.25856943,,,
2017-11-08 00:00:00,10.58918415,,,
2017-11-09 00:00:00,10.69570658,,,
2017-11-10 00:00:00,11.25972569,,,
2017-11-13 00:00:00,11.36145091,,,
2017-11-14 00:00:00,12.02926863,,,
2017-11-15 00:00:00,12.10508629,,,
2017-11-16 00:00:00,11.90333488,,,
2017-11-17 00:00:00,12.50167767,,,
2017-11-20 00:00:00,14.39715331,,,
2017-11-21 00:00:00,14.37730102,,,
2017-11-22 00:00:00,15.15589068,,,
2017-11-23 00:00:00,15.89059699,,,
2017-11-24 00:00:00,16.68457412,,,
2017-11-27 00:00:00,17.76068653,,,
2017-11-28 00:00:00,17.57818529,,,
2017-11-29 00:00:00,18.10602401,,,
2017-11-30 00:00:00,18.91324658,,,
2017-12-01 00:00:00,19.99865275,,,
2017-12-04 00:00:00,17.70371226,,,
2017-12-05 00:00:00,16.99484424,,,
2017-12-06 00:00:00,17.46857228,,,
2017-12-07 00:00:00,16.39167699,,,
2017-12-08 00:00:00,15.92993337,,,
2017-12-11 00:00:00,15.89890415,,,
2017-12-12 00:00:00,15.93767724,,,
2017-12-13 00:00:00,15.69293377,,,
2017-12-14 00:00:00,15.59392404,,,
2017-12-15 00:00:00,15.06155678,,,
2017-12-18 00:00:00,15.75340212,,,
2017-12-19 00:00:00,15.53828522,,,
2017-12-20 00:00:00,15.61966572,,,
2017-12-21 00:00:00,15.79518957,,,
2017-12-22 00:00:00,15.87656616,,,
2017-12-25 00:00:00,15.8861207,,,
2017-12-26 00:00:00,16.34487242,,,
2017-12-27 00:00:00,17.73942295,,,
2017-12-28 00:00:00,15.83544183,,,
2017-12-29 00:00:00,14.41341787,,,
2018-01-02 00:00:00,14.65250501,,,
2018-01-03 00:00:00,14.2916703,,,
2018-01-04 00:00:00,14.08462414,,,
2018-01-05 00:00:00,13.83163827,,,
2018-01-08 00:00:00,14.51672599,,,
2018-01-09 00:00:00,13.75460033,,,
2018-01-10 00:00:00,13.97681024,,,
2018-01-11 00:00:00,14.31201074,,,
2018-01-12 00:00:00,14.06780876,,,
2018-01-15 00:00:00,15.3167448,,,
2018-01-16 00:00:00,15.83438476,,,
2018-01-17 00:00:00,16.77496191,,,
2018-01-18 00:00:00,18.6729315,,,
2018-01-19 00:00:00,18.66377012,,,
2018-01-22 00:00:00,18.63844959,,,
2018-01-23 00:00:00,19.03544087,,,
2018-01-24 00:00:00,20.76222349,,,
2018-01-25 00:00:00,18.51930942,,,
2018-01-26 00:00:00,16.87281562,,,
2018-01-29 00:00:00,18.20119211,,,
2018-01-30 00:00:00,15.70918322,,,
2018-01-31 00:00:00,16.81580691,,,
2018-02-01 00:00:00,16.41167186,,,
2018-02-02 00:00:00,16.6842115,,,
2018-02-05 00:00:00,18.23189403,,,
2018-02-06 00:00:00,21.95628368,,,
2018-02-07 00:00:00,23.95715815,,,
2018-02-08 00:00:00,25.72465483,,,
2018-02-09 00:00:00,35.10083018,,,
2018-02-12 00:00:00,29.75669351,,,
2018-02-13 00:00:00,28.65323967,,,
2018-02-14 00:00:00,28.27939888,,,
2018-02-22 00:00:00,26.50400052,,,
2018-02-23 00:00:00,23.88602409,,,
2018-02-26 00:00:00,24.38579635,,,
2018-02-27 00:00:00,25.97676141,,,
2018-02-28 00:00:00,26.58806104,,,
2018-03-01 00:00:00,24.20964094,,,
2018-03-02 00:00:00,24.10782802,,,
2018-03-05 00:00:00,22.57100498,,,
2018-03-06 00:00:00,21.06277598,,,
2018-03-07 00:00:00,22.05483153,,,
2018-03-08 00:00:00,21.01429014,,,
2018-03-09 00:00:00,20.39481163,,,
2018-03-12 00:00:00,21.2263391,,,
2018-03-13 00:00:00,21.67821732,,,
2018-03-14 00:00:00,20.89752576,,,
2018-03-15 00:00:00,20.26573767,,,
2018-03-16 00:00:00,20.6189985,,,
2018-03-19 00:00:00,20.74533638,,,
2018-03-20 00:00:00,20.6078614,,,
2018-03-21 00:00:00,21.06898379,,,
2018-03-22 00:00:00,20.7150683,,,
2018-03-23 00:00:00,24.69192353,,,
2018-03-26 00:00:00,24.36918707,,,
2018-03-27 00:00:00,23.39558281,,,
2018-03-28 00:00:00,24.64467772,,,
2018-03-29 00:00:00,24.87019412,,,
2018-03-30 00:00:00,24.77581715,,,
2018-04-02 00:00:00,24.50555595,,,
2018-04-03 00:00:00,24.4231104,,,
2018-04-04 00:00:00,24.16660484,,,
2018-04-09 00:00:00,24.70027926,,,
2018-04-10 00:00:00,23.15767713,,,
2018-04-11 00:00:00,23.6297139,,,
2018-04-12 00:00:00,24.03830304,,,
2018-04-13 00:00:00,24.31633404,,,
2018-04-16 00:00:00,25.19487297,,,
2018-04-17 00:00:00,25.27683808,,,
2018-04-18 00:00:00,24.88135496,,,
2018-04-19 00:00:00,23.32199565,,,
2018-04-20 00:00:00,22.53059339,,,
2018-04-23 00:00:00,22.48293062,,,
2018-04-24 00:00:00,22.64738203,,,
2018-04-25 00:00:00,22.45566259,,,
2018-04-26 00:00:00,22.74060775,,,
2018-04-27 00:00:00,23.62723631,,,
2018-05-02 00:00:00,25.71820999,,,
2018-05-03 00:00:00,25.98914794,,,
2018-05-04 00:00:00,26.3109223,,,
2018-05-07 00:00:00,26.39733591,,,
2018-05-08 00:00:00,25.47081283,,,
2018-05-09 00:00:00,25.00010991,,,
2018-05-10 00:00:00,23.72775787,,,
2018-05-11 00:00:00,23.36632004,,,
2018-05-14 00:00:00,21.66137861,,,
2018-05-15 00:00:00,20.76125679,,,
2018-05-16 00:00:00,21.92005214,,,
2018-05-17 00:00:00,20.69424239,,,
2018-05-18 00:00:00,20.31021922,,,
2018-05-21 00:00:00,19.22699422,,,
2018-05-22 00:00:00,19.80690318,,,
2018-05-23 00:00:00,20.13945893,,,
2018-05-24 00:00:00,19.21737871,,,
2018-05-25 00:00:00,19.10851651,,,
2018-05-28 00:00:00,19.7707901,,,
2018-05-29 00:00:00,20.01730062,,,
2018-05-30 00:00:00,22.36917443,,,
2018-05-31 00:00:00,21.50288927,,,
2018-06-01 00:00:00,21.42415394,,,
2018-06-04 00:00:00,20.64306977,,,
2018-06-05 00:00:00,20.42480608,,,
2018-06-06 00:00:00,19.8710959,,,
2018-06-07 00:00:00,19.20076596,,,
2018-06-08 00:00:00,19.87448085,,,
2018-06-11 00:00:00,20.47478988,,,
2018-06-12 00:00:00,19.5510206,,,
2018-06-13 00:00:00,19.67942051,,,
2018-06-14 00:00:00,20.05828809,,,
2018-06-15 00:00:00,20.44213652,,,
2018-06-19 00:00:00,23.71625126,,,
2018-06-20 00:00:00,21.13326411,,,
2018-06-21 00:00:00,19.81549328,,,
2018-06-22 00:00:00,19.4782319,,,
2018-06-25 00:00:00,20.54505918,,,
2018-06-26 00:00:00,21.01294332,,,
2018-06-27 00:00:00,22.73902994,,,
2018-06-28 00:00:00,23.30210545,,,
2018-06-29 00:00:00,21.57063812,,,
2018-07-02 00:00:00,25.27569448,,,
2018-07-03 00:00:00,26.04515398,,,
2018-07-04 00:00:00,26.65375142,,,
2018-07-05 00:00:00,26.97718436,,,
2018-07-06 00:00:00,25.92123918,,,
2018-07-09 00:00:00,23.31752158,,,
2018-07-10 00:00:00,23.21638106,,,
2018-07-11 00:00:00,25.28826279,,,
2018-07-12 00:00:00,23.73423598,,,
2018-07-13 00:00:00,23.50810931,,,
2018-07-16 00:00:00,23.34102965,,,
2018-07-17 00:00:00,22.87405481,,,
2018-07-18 00:00:00,22.07492329,,,
2018-07-19 00:00:00,21.16059802,,,
2018-07-20 00:00:00,20.99258423,,,
2018-07-23 00:00:00,22.14498873,,,
2018-07-24 00:00:00,23.43281737,,,
2018-07-25 00:00:00,23.68082235,,,
2018-07-26 00:00:00,22.84015241,,,
2018-07-27 00:00:00,21.7914384,,,
2018-07-30 00:00:00,22.17781457,,,
2018-07-31 00:00:00,22.08962584,,,
2018-08-01 00:00:00,23.86109507,,,
2018-08-02 00:00:00,24.83643575,,,
2018-08-03 00:00:00,24.91027421,,,
2018-08-06 00:00:00,25.70418047,,,
2018-08-07 00:00:00,25.21010934,,,
2018-08-08 00:00:00,25.43192697,,,
2018-08-09 00:00:00,25.33870458,,,
2018-08-10 00:00:00,24.55985882,,,
2018-08-13 00:00:00,25.31685392,,,
2018-08-14 00:00:00,25.18489204,,,
2018-08-15 00:00:00,25.94139654,,,
2018-08-16 00:00:00,25.81958143,,,
2018-08-17 00:00:00,25.93408732,,,
2018-08-20 00:00:00,26.36818777,,,
2018-08-21 00:00:00,24.01397014,,,
2018-08-22 00:00:00,23.02960904,,,
2018-08-23 00:00:00,22.01091783,,,
2018-08-24 00:00:00,21.87654202,,,
2018-08-27 00:00:00,21.99866339,,,
2018-08-28 00:00:00,22.21371836,,,
2018-08-29 00:00:00,22.55580395,,,
2018-08-30 00:00:00,22.73222544,,,
2018-08-31 00:00:00,22.50571197,,,
2018-09-03 00:00:00,23.06707317,,,
2018-09-04 00:00:00,22.26564923,,,
2018-09-05 00:00:00,23.4876457,,,
2018-09-06 00:00:00,23.74402449,,,
2018-09-07 00:00:00,23.59124514,,,
2018-09-10 00:00:00,24.46690191,,,
2018-09-11 00:00:00,23.98121896,,,
2018-09-12 00:00:00,23.89912939,,,
2018-09-13 00:00:00,23.09557412,,,
2018-09-14 00:00:00,21.61511665,,,
2018-09-17 00:00:00,20.96764455,,,
2018-09-18 00:00:00,20.36575602,,,
2018-09-19 00:00:00,19.26942822,,,
2018-09-20 00:00:00,18.42214436,,,
2018-09-21 00:00:00,19.08520978,,,
2018-09-25 00:00:00,20.4698294,,,
2018-09-26 00:00:00,21.23145302,,,
2018-09-27 00:00:00,20.59757222,,,
2018-09-28 00:00:00,20.92542181,,,
2018-10-08 00:00:00,23.07763589,,,
2018-10-09 00:00:00,23.12835777,,,
2018-10-10 00:00:00,23.09839493,,,
2018-10-11 00:00:00,25.53886329,,,
2018-10-12 00:00:00,25.84606756,,,
2018-10-15 00:00:00,26.88057414,,,
2018-10-16 00:00:00,26.45067593,,,
2018-10-17 00:00:00,26.54209253,,,
2018-10-18 00:00:00,27.60121086,,,
2018-10-19 00:00:00,26.24108936,,,
2018-10-22 00:00:00,26.18261556,,,
2018-10-23 00:00:00,27.66460013,,,
2018-10-24 00:00:00,27.67536762,,,
2018-10-25 00:00:00,28.74016957,,,
2018-10-26 00:00:00,29.61873825,,,
2018-10-29 00:00:00,31.47660255,,,
2018-10-30 00:00:00,31.77238311,,,
2018-10-31 00:00:00,31.0136,,,
2018-11-01 00:00:00,29.93857877,,,
2018-11-02 00:00:00,28.36070886,,,
2018-11-05 00:00:00,30.14525451,,,
2018-11-06 00:00:00,30.88166888,,,
2018-11-07 00:00:00,30.90191745,,,
2018-11-08 00:00:00,30.37940723,,,
2018-11-09 00:00:00,30.68662437,,,
2018-11-12 00:00:00,31.36376331,,,
2018-11-13 00:00:00,30.57342447,,,
2018-11-14 00:00:00,30.0386368,,,
2018-11-15 00:00:00,29.34791471,,,
2018-11-16 00:00:00,28.65527089,,,
2018-11-19 00:00:00,28.06656788,,,
2018-11-20 00:00:00,27.25380654,,,
2018-11-21 00:00:00,27.14278062,,,
2018-11-22 00:00:00,26.28017077,,,
2018-11-23 00:00:00,25.54840518,,,
2018-11-26 00:00:00,25.72962373,,,
2018-11-27 00:00:00,24.84380289,,,
2018-11-28 00:00:00,23.95281168,,,
2018-11-29 00:00:00,23.89391308,,,
2018-11-30 00:00:00,24.79725207,,,
2018-12-03 00:00:00,27.37282285,,,
2018-12-04 00:00:00,25.51455453,,,
2018-12-05 00:00:00,25.59724777,,,
2018-12-06 00:00:00,24.68364991,,,
2018-12-07 00:00:00,23.14526488,,,
2018-12-10 00:00:00,23.37999788,,,
2018-12-11 00:00:00,23.41282919,,,
2018-12-12 00:00:00,23.16387267,,,
2018-12-13 00:00:00,23.33268619,,,
2018-12-14 00:00:00,22.51683345,,,
2018-12-17 00:00:00,23.51638715,,,
2018-12-18 00:00:00,23.29292157,,,
2018-12-19 00:00:00,22.70239112,,,
2018-12-20 00:00:00,24.32748721,,,
2018-12-21 00:00:00,25.10389581,,,
2018-12-24 00:00:00,24.09763391,,,
2018-12-25 00:00:00,25.01262247,,,
2018-12-26 00:00:00,23.93010959,,,
2018-12-27 00:00:00,23.42150092,,,
2018-12-28 00:00:00,23.16489604,,,
2019-01-02 00:00:00,22.58327716,,,
2019-01-03 00:00:00,22.18648751,,,
2019-01-04 00:00:00,21.617396,,,
2019-01-07 00:00:00,21.92964273,,,
2019-01-08 00:00:00,20.8552287,,,
2019-01-09 00:00:00,19.09094784,,,
2019-01-10 00:00:00,18.79663819,,,
2019-01-11 00:00:00,18.17523551,,,
2019-01-14 00:00:00,18.52783331,,,
2019-01-15 00:00:00,17.7980964,,,
2019-01-16 00:00:00,16.75830399,,,
2019-01-17 00:00:00,17.06582517,,,
2019-01-18 00:00:00,17.5418188,,,
2019-01-21 00:00:00,18.90786626,,,
2019-01-22 00:00:00,17.44000298,,,
2019-01-23 00:00:00,16.90720175,,,
2019-01-24 00:00:00,15.35634613,,,
2019-01-25 00:00:00,15.04964333,,,
2019-01-28 00:00:00,16.51081283,,,
2019-01-29 00:00:00,17.76997862,,,
2019-01-30 00:00:00,18.63981346,,,
2019-01-31 00:00:00,18.71425918,,,
2019-02-01 00:00:00,19.43127789,,,
2019-02-11 00:00:00,21.28698317,,,
2019-02-12 00:00:00,20.98238563,,,
2019-02-13 00:00:00,21.57484362,,,
2019-02-14 00:00:00,22.80217436,,,
2019-02-15 00:00:00,23.25024347,,,
2019-02-18 00:00:00,23.38738815,,,
2019-02-19 00:00:00,24.62500047,,,
2019-02-20 00:00:00,25.08913338,,,
2019-02-21 00:00:00,24.87325127,,,
2019-02-22 00:00:00,23.48013308,,,
2019-02-25 00:00:00,26.03854821,,,
2019-02-26 00:00:00,31.72510537,,,
2019-02-27 00:00:00,31.49376395,,,
2019-02-28 00:00:00,29.00753268,,,
2019-03-01 00:00:00,27.61861463,,,
2019-03-04 00:00:00,29.85533059,,,
2019-03-05 00:00:00,30.6253443,,,
2019-03-06 00:00:00,31.55520693,,,
2019-03-07 00:00:00,32.90319241,,,
2019-03-08 00:00:00,33.62532887,,,
2019-03-11 00:00:00,30.38053803,,,
2019-03-12 00:00:00,30.36593931,,,
2019-03-13 00:00:00,30.21584808,,,
2019-03-14 00:00:00,28.88440967,,,
2019-03-15 00:00:00,27.05937883,,,
2019-03-18 00:00:00,27.85451898,,,
2019-03-19 00:00:00,28.50480778,,,
2019-03-20 00:00:00,28.62450878,,,
2019-03-21 00:00:00,29.24088066,,,
2019-03-22 00:00:00,28.87445369,,,
2019-03-25 00:00:00,27.00581138,,,
2019-03-26 00:00:00,25.44238559,,,
2019-03-27 00:00:00,24.58657085,,,
2019-03-28 00:00:00,23.34706318,,,
2019-03-29 00:00:00,24.44504484,,,
2019-04-01 00:00:00,26.3128162,,,
2019-04-02 00:00:00,28.66330259,,,
2019-04-03 00:00:00,28.0930821,,,
2019-04-04 00:00:00,29.75964122,,,
2019-04-08 00:00:00,31.7968246,,,
2019-04-09 00:00:00,29.95650958,,,
2019-04-10 00:00:00,30.15923064,,,
2019-04-11 00:00:00,30.05596001,,,
2019-04-12 00:00:00,27.49942924,,,
2019-04-15 00:00:00,27.60134994,,,
2019-04-16 00:00:00,27.41620208,,,
2019-04-17 00:00:00,28.42425689,,,
2019-04-18 00:00:00,28.3374644,,,
2019-04-19 00:00:00,27.89445426,,,
2019-04-22 00:00:00,29.1904151,,,
2019-04-23 00:00:00,27.31341281,,,
2019-04-24 00:00:00,26.78625148,,,
2019-04-25 00:00:00,26.5321185,,,
2019-04-26 00:00:00,25.77942543,,,
2019-04-29 00:00:00,25.27405131,,,
2019-04-30 00:00:00,25.46086579,,,
2019-05-06 00:00:00,29.50337797,,,
2019-05-07 00:00:00,26.39510573,,,
2019-05-08 00:00:00,27.5088971,,,
2019-05-09 00:00:00,29.58028134,,,
2019-05-10 00:00:00,29.25267991,,,
2019-05-13 00:00:00,28.20019965,,,
2019-05-14 00:00:00,27.29358251,,,
2019-05-15 00:00:00,25.33388802,,,
2019-05-16 00:00:00,24.20110112,,,
2019-05-17 00:00:00,24.14782969,,,
2019-05-20 00:00:00,23.79289316,,,
2019-05-21 00:00:00,22.77163043,,,
2019-05-22 00:00:00,22.01904457,,,
2019-05-23 00:00:00,22.28358701,,,
2019-05-24 00:00:00,22.56337668,,,
2019-05-27 00:00:00,23.60387309,,,
2019-05-28 00:00:00,22.59150701,,,
2019-05-29 00:00:00,21.79973989,,,
2019-05-30 00:00:00,21.61158877,,,
2019-05-31 00:00:00,22.29592793,,,
2019-06-03 00:00:00,22.60353796,,,
2019-06-04 00:00:00,23.19856841,,,
2019-06-05 00:00:00,22.76732635,,,
2019-06-06 00:00:00,22.83177589,,,
2019-06-10 00:00:00,21.4490839,,,
2019-06-11 00:00:00,20.50558013,,,
2019-06-12 00:00:00,20.88805122,,,
2019-06-13 00:00:00,20.31259996,,,
2019-06-14 00:00:00,20.28184449,,,
2019-06-17 00:00:00,20.33854242,,,
2019-06-18 00:00:00,19.63356007,,,
2019-06-19 00:00:00,18.58335285,,,
2019-06-20 00:00:00,22.15059469,,,
2019-06-21 00:00:00,24.71064481,,,
2019-06-24 00:00:00,25.77942132,,,
2019-06-25 00:00:00,25.90519015,,,
2019-06-26 00:00:00,25.89712715,,,
2019-06-27 00:00:00,26.22675495,,,
2019-06-28 00:00:00,27.23118137,,,
2019-07-01 00:00:00,24.86353665,,,
2019-07-02 00:00:00,24.32745423,,,
2019-07-03 00:00:00,23.34692412,,,
2019-07-04 00:00:00,22.89735092,,,
2019-07-05 00:00:00,23.59948868,,,
2019-07-08 00:00:00,22.76323003,,,
2019-07-09 00:00:00,21.766332,,,
2019-07-10 00:00:00,21.7917226,,,
2019-07-11 00:00:00,22.10385373,,,
2019-07-12 00:00:00,22.0013364,,,
2019-07-15 00:00:00,22.17380154,,,
2019-07-16 00:00:00,22.43803512,,,
2019-07-17 00:00:00,21.96853967,,,
2019-07-18 00:00:00,21.75925999,,,
2019-07-19 00:00:00,22.68909562,,,
2019-07-22 00:00:00,21.53529221,,,
2019-07-23 00:00:00,20.43750611,,,
2019-07-24 00:00:00,19.53081019,,,
2019-07-25 00:00:00,18.46427239,,,
2019-07-26 00:00:00,18.6552149,,,
2019-07-29 00:00:00,19.28348237,,,
2019-07-30 00:00:00,19.4039885,,,
2019-07-31 00:00:00,19.82756625,,,
2019-08-01 00:00:00,17.75996412,,,
2019-08-02 00:00:00,18.32056816,,,
2019-08-05 00:00:00,20.23193388,,,
2019-08-06 00:00:00,21.81882937,,,
2019-08-07 00:00:00,21.03003604,,,
2019-08-08 00:00:00,20.54721602,,,
2019-08-09 00:00:00,19.95170818,,,
2019-08-12 00:00:00,20.38420116,,,
2019-08-13 00:00:00,20.28406644,,,
2019-08-14 00:00:00,19.61355764,,,
2019-08-15 00:00:00,20.2387321,,,
2019-08-16 00:00:00,20.15531652,,,
2019-08-19 00:00:00,20.80919239,,,
2019-08-20 00:00:00,20.65350127,,,
2019-08-21 00:00:00,19.79535548,,,
2019-08-22 00:00:00,19.65352954,,,
2019-08-23 00:00:00,19.94780559,,,
2019-08-26 00:00:00,21.11685315,,,
2019-08-27 00:00:00,20.06387779,,,
2019-08-28 00:00:00,19.83519925,,,
2019-08-29 00:00:00,19.03166029,,,
2019-08-30 00:00:00,19.12353462,,,
2019-09-02 00:00:00,18.38338481,,,
2019-09-03 00:00:00,18.3694071,,,
2019-09-04 00:00:00,17.83582057,,,
2019-09-05 00:00:00,18.64390857,,,
2019-09-06 00:00:00,19.18506489,,,
2019-09-09 00:00:00,20.19721588,,,
2019-09-10 00:00:00,19.74552855,,,
2019-09-11 00:00:00,19.64183774,,,
2019-09-12 00:00:00,18.9624368,,,
2019-09-16 00:00:00,18.67253861,,,
2019-09-17 00:00:00,18.11681645,,,
2019-09-18 00:00:00,17.78947054,,,
2019-09-19 00:00:00,17.61809666,,,
2019-09-20 00:00:00,16.98031744,,,
2019-09-23 00:00:00,16.88117352,,,
2019-09-24 00:00:00,16.48757356,,,
2019-09-25 00:00:00,16.71052262,,,
2019-09-26 00:00:00,16.83824821,,,
2019-09-27 00:00:00,17.25498641,,,
2019-09-30 00:00:00,17.4738111,,,
2019-10-08 00:00:00,16.11068211,,,
2019-10-09 00:00:00,15.37757702,,,
2019-10-10 00:00:00,15.55864331,,,
2019-10-11 00:00:00,15.86906653,,,
2019-10-14 00:00:00,14.84495437,,,
2019-10-15 00:00:00,14.36046863,,,
2019-10-16 00:00:00,14.2602292,,,
2019-10-17 00:00:00,14.64970942,,,
2019-10-18 00:00:00,15.00311571,,,
2019-10-21 00:00:00,14.46083693,,,
2019-10-22 00:00:00,14.20453585,,,
2019-10-23 00:00:00,14.4122711,,,
2019-10-24 00:00:00,14.05682471,,,
2019-10-25 00:00:00,13.7203193,,,
2019-10-28 00:00:00,13.84360241,,,
2019-10-29 00:00:00,14.02650002,,,
2019-10-30 00:00:00,14.31008692,,,
2019-10-31 00:00:00,14.47804263,,,
2019-11-01 00:00:00,13.70860141,,,
2019-11-04 00:00:00,13.8006579,,,
2019-11-05 00:00:00,14.03525661,,,
2019-11-06 00:00:00,13.84573466,,,
2019-11-07 00:00:00,14.06737777,,,
2019-11-08 00:00:00,14.34482073,,,
2019-11-11 00:00:00,15.27478918,,,
2019-11-12 00:00:00,14.77363271,,,
2019-11-13 00:00:00,15.01564966,,,
2019-11-14 00:00:00,15.29355837,,,
2019-11-15 00:00:00,15.25953859,,,
2019-11-18 00:00:00,14.44132222,,,
2019-11-19 00:00:00,13.65451901,,,
2019-11-20 00:00:00,13.68179915,,,
2019-11-21 00:00:00,13.85873456,,,
2019-11-22 00:00:00,14.40096936,,,
2019-11-25 00:00:00,14.36788869,,,
2019-11-26 00:00:00,14.40100466,,,
2019-11-27 00:00:00,14.07901925,,,
2019-11-28 00:00:00,13.46487184,,,
2019-11-29 00:00:00,13.973575,,,
2019-12-02 00:00:00,13.41823504,,,
2019-12-03 00:00:00,13.17389056,,,
2019-12-04 00:00:00,13.20285897,,,
2019-12-05 00:00:00,12.56764289,,,
2019-12-06 00:00:00,12.00930182,,,
2019-12-09 00:00:00,12.2021351,,,
2019-12-10 00:00:00,12.06224653,,,
2019-12-11 00:00:00,12.31439062,,,
2019-12-12 00:00:00,11.96431573,,,
2019-12-13 00:00:00,13.93504387,,,
2019-12-16 00:00:00,13.23013534,,,
2019-12-17 00:00:00,14.00289948,,,
2019-12-18 00:00:00,14.36018386,,,
2019-12-19 00:00:00,14.9760131,,,
2019-12-20 00:00:00,14.67291796,,,
2019-12-23 00:00:00,13.75892547,14.22383601,14.87330281,15.88582914
2019-12-24 00:00:00,13.41303838,13.83312559,13.85624502,15.19585965
2019-12-25 00:00:00,13.013356,13.81838288,13.38704972,14.77318285
2019-12-26 00:00:00,13.26068472,13.45217626,13.26696159,14.53550149
2019-12-27 00:00:00,13.57364823,13.65819617,13.87573681,14.89534866
2019-12-30 00:00:00,14.57040811,15.18446268,15.22260465,16.12517308
2019-12-31 00:00:00,15.04916661,16.05065492,15.65831022,17.28601166
2020-01-02 00:00:00,15.45035362,16.57713023,16.7532854,18.92287419
2020-01-03 00:00:00,14.95964929,16.36824333,16.32810927,18.65062682
2020-01-06 00:00:00,15.62224859,17.6419269,17.59788073,19.41766628
2020-01-07 00:00:00,15.83623062,17.88998225,17.80260871,19.64719051
2020-01-08 00:00:00,16.02954672,18.09622959,18.21191605,19.54362064
2020-01-09 00:00:00,15.30412868,17.14863325,17.1957307,18.86819122
2020-01-10 00:00:00,14.8700525,16.45792763,16.60480298,18.15477568
2020-01-13 00:00:00,15.02035172,16.11839319,15.86509198,17.56936132
2020-01-14 00:00:00,14.17249236,15.86445416,15.90637101,17.09633467
2020-01-15 00:00:00,14.27500728,15.47092454,15.772548,17.00065655
2020-01-16 00:00:00,13.71591887,14.34982014,14.93344194,16.24279922
2020-01-17 00:00:00,13.19824822,13.74791918,14.23149957,15.14854079
2020-01-20 00:00:00,13.66938721,14.32022157,14.07735799,15.38385657
2020-01-21 00:00:00,15.73766984,16.10663371,16.25619075,16.67524197
2020-01-22 00:00:00,15.01229465,15.47532666,15.1662182,16.96072966
2020-01-23 00:00:00,16.77927293,18.83923295,19.4254111,20.436807
2020-02-03 00:00:00,19.10262894,22.58774857,26.77585352,27.84063677
2020-02-04 00:00:00,23.12684376,24.15374057,24.44089721,26.88459691
2020-02-05 00:00:00,20.48291683,22.16743294,22.8175042,24.89707524
2020-02-06 00:00:00,20.61975698,22.75825956,23.41945003,24.81759877
2020-02-07 00:00:00,21.93488264,24.15170409,24.39291392,26.08097826
2020-02-10 00:00:00,21.53100767,22.66819978,23.17807147,24.4191991
2020-02-11 00:00:00,19.77560664,20.7142223,21.05113461,22.68638755
2020-02-12 00:00:00,18.96076648,19.48748518,19.84640388,20.80605171
2020-02-13 00:00:00,19.42320829,20.4602581,21.1025078,21.25188021
2020-02-14 00:00:00,18.5282096,19.50753347,20.11862561,20.62295145
2020-02-17 00:00:00,18.6563269,20.07025029,20.5387727,21.48107507
2020-02-18 00:00:00,18.82966551,20.53166765,21.05008551,22.01150287
2020-02-19 00:00:00,19.13006475,20.82042673,21.15771445,22.26012309
2020-02-20 00:00:00,19.38227151,21.6245763,21.46346542,22.68259472
2020-02-21 00:00:00,20.55326437,23.29165871,23.32539478,25.54558052
2020-02-24 00:00:00,22.47126596,24.77504209,25.27666104,26.80862492
2020-02-25 00:00:00,22.90500301,24.85678597,25.34692711,26.8345137
2020-02-26 00:00:00,23.57572239,25.10649804,25.83439815,27.11932163
2020-02-27 00:00:00,20.23656783,22.16595706,22.65853758,25.24790631
2020-02-28 00:00:00,23.53481284,25.60987912,26.44197674,27.72688623
2020-03-02 00:00:00,20.88149816,23.86377803,23.99638687,26.40667655
2020-03-03 00:00:00,20.51509785,23.45241965,23.42698874,24.91566885
2020-03-04 00:00:00,20.51434373,23.30274645,23.52475746,24.6533435
2020-03-05 00:00:00,21.23733084,23.19674095,23.37186472,25.52731613
2020-03-06 00:00:00,22.54882417,24.5471966,24.54936151,26.34940904
2020-03-09 00:00:00,27.70098856,29.82121836,29.96250878,31.36093459
2020-03-10 00:00:00,27.16593694,28.69746768,28.93924309,31.07163473
2020-03-11 00:00:00,27.02970325,29.24122225,28.94160769,29.96817976
2020-03-12 00:00:00,29.41122403,31.55630146,31.62657714,33.36541827
2020-03-13 00:00:00,34.49674749,36.7754165,37.09843162,38.020688
2020-03-16 00:00:00,34.25885205,37.23114385,36.58955085,41.03972779
2020-03-17 00:00:00,37.34162926,40.60840818,40.360233,42.87323182
2020-03-18 00:00:00,30.74857717,35.11119377,35.286246,38.06162745
2020-03-19 00:00:00,34.085614,37.31246321,38.07655449,39.84977225
2020-03-20 00:00:00,32.36408009,34.32219089,34.71434416,37.04339933
2020-03-23 00:00:00,35.41545637,37.02170692,38.91897012,38.94321481
2020-03-24 00:00:00,33.97648012,36.45244205,37.58639253,37.85950225
2020-03-25 00:00:00,33.27295434,34.73687049,36.73398994,37.10292884
2020-03-26 00:00:00,32.39002956,34.11381587,35.34053869,35.47527391
2020-03-27 00:00:00,32.50057623,34.56865778,35.60142276,35.70811737
2020-03-30 00:00:00,31.4157522,33.26425687,34.34963435,33.4617022
2020-03-31 00:00:00,29.14664849,30.83353657,31.91251708,31.26480071
2020-04-01 00:00:00,27.40049254,29.28538014,29.55410835,30.31777838
2020-04-02 00:00:00,26.15318061,28.10367043,28.96121637,29.23217992
2020-04-03 00:00:00,27.05938516,29.08180075,29.88757454,30.33120321
2020-04-07 00:00:00,24.76412088,26.66609421,27.09187159,28.77674224
2020-04-08 00:00:00,23.53764288,25.62158779,25.66219098,26.50104723
2020-04-09 00:00:00,22.38278608,24.29814653,24.29423611,24.78818778
2020-04-10 00:00:00,21.6194715,23.0238182,23.07780637,24.26564897
2020-04-13 00:00:00,20.1550958,21.33283475,20.95075131,21.89478732
2020-04-14 00:00:00,19.40410425,20.78191259,20.56658491,21.2145538
2020-04-15 00:00:00,20.05111778,21.39146171,21.42638226,21.64535587
2020-04-16 00:00:00,19.66334761,21.21212398,21.43523006,21.81614027
2020-04-17 00:00:00,19.65480467,21.06145996,21.43756954,21.59947666
2020-04-20 00:00:00,20.13298935,21.31250448,21.7426104,22.44324211
2020-04-21 00:00:00,20.11757685,21.21797451,21.90090711,21.97583024
2020-04-22 00:00:00,19.82086653,20.98855476,21.60577785,22.15609144
2020-04-23 00:00:00,19.09910242,20.44757041,20.81515703,21.18394924
2020-04-24 00:00:00,18.74688215,20.18424429,20.45780098,20.34541749
2020-04-27 00:00:00,18.12757966,19.43816182,19.42389228,20.38088793
2020-04-28 00:00:00,18.10279944,19.45734111,19.40718556,20.21175473
2020-04-29 00:00:00,18.9284261,20.21871241,19.95967872,20.73339642
2020-04-30 00:00:00,21.0173385,22.19504927,21.96765362,22.86531404
2020-05-06 00:00:00,20.23345867,21.12824521,21.20570811,22.13702698
2020-05-07 00:00:00,19.16676283,19.81738096,19.76165484,20.09002459
2020-05-08 00:00:00,18.28256914,19.26386574,19.11672809,19.54157822
2020-05-11 00:00:00,18.62269735,19.48211383,19.68563306,19.96673525
2020-05-12 00:00:00,18.79286051,19.80944828,20.02187784,19.63804219
2020-05-13 00:00:00,18.61249769,19.75337029,19.80765157,19.56127395
2020-05-14 00:00:00,18.74258229,19.42535242,19.65563162,18.81481165
2020-05-15 00:00:00,18.22396851,18.9725832,19.24667929,18.82526322
2020-05-18 00:00:00,17.90510288,18.35566636,18.4120414,18.45083273
2020-05-19 00:00:00,17.108752,18.0705024,17.9104534,17.45143114
2020-05-20 00:00:00,17.19862754,18.10330781,17.60095182,16.82341605
2020-05-21 00:00:00,18.27822888,19.25766126,18.79362869,18.45950326
2020-05-22 00:00:00,21.29804002,21.39490739,20.94102843,21.41149527
2020-05-25 00:00:00,18.92598185,19.45925074,19.3733917,19.35812801
2020-05-26 00:00:00,18.28356789,19.0489461,19.07556555,18.82622289
2020-05-27 00:00:00,19.20216692,20.36086176,20.33851643,19.79747762
2020-05-28 00:00:00,18.95280168,20.2823286,20.47434939,20.22698022
2020-05-29 00:00:00,19.21015525,20.67331691,20.88653215,20.12327777
2020-06-01 00:00:00,17.02897494,18.49655888,18.74478704,19.17082361
2020-06-02 00:00:00,17.10266746,18.14041285,18.15194024,18.66915745
2020-06-03 00:00:00,17.6484142,18.94968675,18.64184559,19.03657502
2020-06-04 00:00:00,17.84522637,18.67180957,18.62114857,18.71557558
2020-06-05 00:00:00,17.07305967,18.11266894,18.2105281,18.43931445
2020-06-08 00:00:00,17.07997037,18.00466192,18.35874762,18.09201206
2020-06-09 00:00:00,17.32673724,18.41283662,18.42326251,18.38256982
2020-06-10 00:00:00,17.52106578,18.51769428,18.80743666,18.46621022
2020-06-11 00:00:00,18.06204413,19.00227527,19.22934851,19.75419923
2020-06-12 00:00:00,17.61463468,18.76259986,18.98220596,18.93101145
2020-06-15 00:00:00,18.96193298,19.95405496,20.07386187,19.80782445
2020-06-16 00:00:00,17.21070456,18.28643734,18.3117843,18.65928384
2020-06-17 00:00:00,17.47288976,18.7342889,18.5651624,19.20353014
2020-06-18 00:00:00,17.81678349,18.73888646,18.72507057,18.68917091
2020-06-19 00:00:00,18.19373128,19.19336651,19.18584211,19.85782922
2020-06-22 00:00:00,19.42239948,20.56980846,20.68149959,21.00439547
2020-06-23 00:00:00,19.76209653,20.97019009,21.2761669,21.73397366
2020-06-24 00:00:00,19.46670282,20.72226388,21.04232833,21.83318237
2020-06-29 00:00:00,18.1903777,19.06338709,19.61482559,20.4714744
2020-06-30 00:00:00,17.30285357,18.26475986,18.41494532,18.89270293
2020-07-01 00:00:00,18.23230084,19.01829185,19.13002999,20.0818744
2020-07-02 00:00:00,21.94014055,22.00810627,21.62327389,22.75079671
2020-07-03 00:00:00,23.91860207,23.47683916,22.85291427,24.67142731
2020-07-06 00:00:00,32.2480805,29.24466548,27.72767332,31.04823765
2020-07-07 00:00:00,31.57799899,30.41788964,30.72238745,31.77952752
2020-07-08 00:00:00,32.59236933,31.86388608,32.52711106,31.97289189
2020-07-09 00:00:00,32.62716373,32.72471776,33.99279903,31.70962752
2020-07-10 00:00:00,31.57747684,31.85339991,32.51583441,31.73063268
2020-07-13 00:00:00,28.66275294,29.03385076,30.08206826,29.01594033
2020-07-14 00:00:00,28.74981064,29.34641903,29.60790894,29.65913079
2020-07-15 00:00:00,29.14613618,29.82416479,30.12828409,29.79105138
2020-07-16 00:00:00,31.16646056,31.84330652,31.75776414,33.42243214
2020-07-17 00:00:00,27.33024774,27.66632624,27.18832384,28.23008812
2020-07-20 00:00:00,27.73065303,28.15811841,29.12351778,29.09993419
2020-07-21 00:00:00,26.43902673,27.28460235,27.78103746,27.91919667
2020-07-22 00:00:00,26.20720491,27.27835861,28.33377388,27.49592861
2020-07-23 00:00:00,27.1511594,28.08092913,29.1046673,28.24993028
2020-07-24 00:00:00,30.08460426,31.2054142,30.63817521,32.32851946
2020-07-27 00:00:00,28.74350019,30.25249001,30.26144018,30.42736159
2020-07-28 00:00:00,28.20492763,29.60370485,29.9025962,30.04089587
2020-07-29 00:00:00,28.75375795,30.36799048,30.76551543,30.6421143
2020-07-30 00:00:00,28.92441521,30.26079142,30.97026557,30.17249747
2020-07-31 00:00:00,29.96794925,31.55502594,32.14405781,31.26375051
2020-08-03 00:00:00,30.87692065,32.84218311,33.24988786,32.37237626
2020-08-04 00:00:00,30.45406981,31.54048941,32.11682111,31.05101053
2020-08-05 00:00:00,30.54829187,31.30757052,31.78835009,30.62543729
2020-08-06 00:00:00,30.665308,31.61115828,32.20187121,31.64322783
2020-08-07 00:00:00,29.81542075,30.8061214,30.93038497,30.97706143
2020-08-10 00:00:00,29.82551752,30.63785643,30.92553061,30.37436368
2020-08-11 00:00:00,28.87923887,29.4129329,29.17784291,28.27056754
2020-08-12 00:00:00,28.52326578,28.97749883,28.91191358,28.3015624
2020-08-13 00:00:00,27.9997841,28.13850643,28.34915931,27.81081067
2020-08-14 00:00:00,27.44829714,27.90307535,28.37510596,27.26858572
2020-08-17 00:00:00,30.26245245,30.79021822,31.42445246,29.90682545
2020-08-18 00:00:00,29.95383541,30.47688695,30.55197633,29.76572829
2020-08-19 00:00:00,28.92133808,29.06131569,29.24614493,28.41688561
2020-08-20 00:00:00,28.43103334,28.35098658,28.40297626,27.8587804
2020-08-21 00:00:00,28.2940775,28.53347749,28.60898735,27.86583242
2020-08-24 00:00:00,27.44772488,27.96464029,28.07627627,27.20344921
2020-08-25 00:00:00,26.94623308,27.56181793,27.57176009,26.43197015
2020-08-26 00:00:00,27.95335484,27.79349733,27.85070092,26.80609086
2020-08-27 00:00:00,25.89122385,26.53479451,26.49344612,25.55757501
2020-08-28 00:00:00,26.33364831,27.31458478,27.63330676,26.20420882
2020-08-31 00:00:00,25.99737561,26.86377786,27.24829149,26.30568057
2020-09-01 00:00:00,25.88760995,26.83146034,27.20586607,25.92360276
2020-09-02 00:00:00,26.30504672,26.86867613,27.14485852,26.46610657
2020-09-03 00:00:00,26.37801001,27.01526388,27.45430879,26.35420705
2020-09-04 00:00:00,26.23475297,26.73428705,27.19858596,26.68182054
2020-09-07 00:00:00,26.56028798,26.38710224,27.05162547,27.17548916
2020-09-08 00:00:00,25.90718749,26.27369303,26.35336885,26.91892087
2020-09-09 00:00:00,26.67205059,26.64724231,26.60844816,27.72441936
2020-09-10 00:00:00,24.96783912,25.3566474,25.45843764,25.40172929
2020-09-11 00:00:00,23.76567484,24.27479856,24.43862704,24.66764713
2020-09-14 00:00:00,22.50056481,22.62966278,22.67148331,23.27785052
2020-09-15 00:00:00,22.02457612,22.27777558,21.98161273,22.56142534
2020-09-16 00:00:00,21.28993184,21.47543369,21.22594776,21.4675899
2020-09-17 00:00:00,21.43419751,22.03768534,21.79114127,22.3224407
2020-09-18 00:00:00,22.67964479,23.16887395,23.41873979,22.6878958
2020-09-21 00:00:00,23.07422631,23.44509416,23.55444817,22.92546488
2020-09-22 00:00:00,23.30642437,23.54938508,23.49233684,23.18502775
2020-09-23 00:00:00,22.68627847,22.84786832,22.98183741,22.26261426
2020-09-24 00:00:00,23.82244403,23.8510516,23.77000483,23.5686872
2020-09-25 00:00:00,24.16557429,24.17577957,24.07749204,23.77701303
2020-09-28 00:00:00,25.38679607,25.44900105,25.3533333,24.93598611
2020-09-29 00:00:00,26.54412186,26.98170963,26.68454938,26.20450009
2020-09-30 00:00:00,27.14989813,27.27126814,26.83201414,26.21126005
2020-10-09 00:00:00,22.0307161,22.31868184,21.70895878,22.3735525
2020-10-12 00:00:00,23.81906198,24.38933004,24.47461838,24.51811526
2020-10-13 00:00:00,23.65115132,24.3436749,24.2261881,23.90771285
2020-10-14 00:00:00,22.92062688,23.53345927,23.34732907,23.32768856
2020-10-15 00:00:00,23.39825957,23.89433509,23.56583605,23.59307305
2020-10-16 00:00:00,23.23252955,23.56729735,23.00015291,23.14970877
2020-10-19 00:00:00,22.44839475,22.3721248,22.15359512,20.67133667
2020-10-20 00:00:00,21.83070412,21.87906017,21.70499889,21.25517287
2020-10-21 00:00:00,21.99180136,22.24686619,22.19275571,21.86033105
2020-10-22 00:00:00,22.25973697,22.78231581,22.64396305,21.72803661
2020-10-23 00:00:00,22.65368604,22.87462824,22.85913943,22.07586989
2020-10-26 00:00:00,22.63754826,22.59166853,22.42620298,22.33336828
2020-10-27 00:00:00,22.81110607,22.5665024,22.70696772,22.38209659
2020-10-28 00:00:00,22.38610506,22.39400594,22.41651035,22.14495854
2020-10-29 00:00:00,22.15374959,22.36388677,22.42952181,22.18809913
2020-10-30 00:00:00,23.05490267,23.12484593,23.31290568,22.83626969
2020-11-02 00:00:00,23.8636752,23.72973963,23.67933296,23.32186179
2020-11-03 00:00:00,23.81295853,23.93317468,23.9112839,23.71226047
2020-11-04 00:00:00,22.27276259,22.45670497,22.6104068,22.37491252
2020-11-05 00:00:00,21.73448162,22.53067964,22.52118325,22.22206143
2020-11-06 00:00:00,21.35445687,21.85993004,21.76404625,21.6092091
2020-11-09 00:00:00,22.49037834,23.39912521,23.38510882,22.66587604
2020-11-10 00:00:00,22.33150644,23.10586037,23.21231544,22.97102038
2020-11-11 00:00:00,21.8076558,22.1966563,22.21516277,21.89470373
2020-11-12 00:00:00,21.33632354,21.89867326,21.69622315,21.47445669
2020-11-13 00:00:00,20.65647583,21.13460551,20.67093899,20.50205362
2020-11-16 00:00:00,20.6335106,21.20248721,20.86351867,20.9450862
2020-11-17 00:00:00,20.34505419,20.76631473,20.41497297,20.34127144
2020-11-18 00:00:00,20.94166465,21.47536468,21.03175204,20.91270478
2020-11-19 00:00:00,21.30759394,22.06262918,21.30490782,21.17919916
2020-11-20 00:00:00,20.35306208,21.19882745,20.49329916,20.36020053
2020-11-23 00:00:00,21.59934458,21.47757624,21.49563541,20.93656997
2020-11-24 00:00:00,20.84086703,21.10153127,20.95489263,20.68608235
2020-11-25 00:00:00,20.48223944,20.67004097,20.34671006,19.8368046
2020-11-26 00:00:00,19.38456629,19.95104344,19.50922491,18.89677434
2020-11-27 00:00:00,20.08174889,19.47659958,19.53685796,19.74849526
2020-11-30 00:00:00,20.2668604,20.36121984,20.16130951,19.87382908
2020-12-01 00:00:00,22.6407003,22.19865077,23.00656167,21.98592107
2020-12-02 00:00:00,23.31456105,22.71668251,23.47199994,22.48597085
2020-12-03 00:00:00,23.01960349,22.65572214,23.37740026,22.33434856
2020-12-04 00:00:00,22.175699,21.47060641,22.23907861,21.23838014
2020-12-07 00:00:00,21.03512841,20.39465407,21.01333532,20.40817423
2020-12-08 00:00:00,20.01208007,19.60804876,20.09040068,19.41726668
2020-12-09 00:00:00,19.32631793,19.46325458,19.61798834,19.21436004
2020-12-10 00:00:00,18.43240433,18.64314275,18.66456134,18.3828848
2020-12-11 00:00:00,18.95073973,19.07467482,18.76605719,19.15135262
2020-12-14 00:00:00,18.21083074,18.5005738,18.38457439,18.4836599
2020-12-15 00:00:00,18.16138032,18.25968259,18.29097874,18.04430878
2020-12-16 00:00:00,18.26541138,18.25004735,18.39426971,18.62067555
2020-12-17 00:00:00,18.65014102,18.27868586,19.06431219,18.37668223
2020-12-18 00:00:00,18.09013539,17.68572007,18.44653972,17.69787162
2020-12-21 00:00:00,19.2189004,18.48709368,19.49262185,18.69797708
2020-12-22 00:00:00,18.96181365,18.44186693,19.24346715,18.20439985
2020-12-23 00:00:00,18.85034202,18.4538917,19.28896179,18.12067306
2020-12-24 00:00:00,18.04341115,17.82658587,18.71253886,18.02042455
2020-12-25 00:00:00,17.8474241,17.33895693,18.10351939,17.62540305
2020-12-28 00:00:00,18.20236986,17.575658,18.53409272,18.10550646
2020-12-29 00:00:00,18.63802149,18.46940787,19.25955846,18.28505453
2020-12-30 00:00:00,18.69107397,17.90755794,19.05316429,18.50098939
2020-12-31 00:00:00,19.73770465,21.09820599,19.55802561,20.24276264
2021-01-04 00:00:00,20.37334499,21.69859386,22.14973301,20.62824777
2021-01-05 00:00:00,20.33548265,21.86719115,22.34184578,20.81162868
2021-01-06 00:00:00,21.96622305,23.19622587,23.51155937,22.40965912
2021-01-07 00:00:00,25.06292443,26.59275535,27.09548816,24.82617026
2021-01-08 00:00:00,25.09151042,26.41799126,27.13861949,25.26869183
2021-01-11 00:00:00,22.79643184,23.99244557,24.63159122,23.29220401
2021-01-12 00:00:00,24.12056266,25.31347809,26.01694302,24.37481005
2021-01-13 00:00:00,23.84049842,24.50756158,25.07676101,24.12500365
2021-01-14 00:00:00,23.45696307,24.24256767,24.67463259,23.71974819
2021-01-15 00:00:00,21.66632855,22.81583258,23.34258481,22.49203291
2021-01-18 00:00:00,22.03508202,22.40058236,23.38851949,22.82489871
2021-01-19 00:00:00,22.20113091,22.5995425,23.67633367,23.08731584
2021-01-20 00:00:00,21.97602597,22.36367177,23.14335447,22.81042983
2021-01-21 00:00:00,23.1673279,23.18183704,24.15357435,23.28187771
2021-01-22 00:00:00,22.14225134,22.05030366,23.09797816,21.93482373
2021-01-25 00:00:00,22.90355154,22.77161601,23.95971237,22.80647597
2021-01-26 00:00:00,22.7349001,22.50055142,23.61731419,22.55608452
2021-01-27 00:00:00,22.24196486,22.48083829,23.5701324,22.53151196
2021-01-28 00:00:00,23.71828746,23.4281569,25.01440746,24.32145295
2021-01-29 00:00:00,23.8710146,23.6153123,24.94650912,24.32033328
2021-02-01 00:00:00,24.26128736,23.93587278,25.29438664,24.87971715
2021-02-02 00:00:00,22.47660708,23.26906497,23.45287605,23.45030828
2021-02-03 00:00:00,21.2919422,22.29575394,22.52275902,22.95201655
2021-02-04 00:00:00,22.26738426,23.27073481,23.18622879,23.5807133
2021-02-05 00:00:00,22.65280806,23.53739031,23.4985011,23.2468904
2021-02-08 00:00:00,23.03745016,23.30502723,23.91729989,23.29712969
2021-02-09 00:00:00,22.59882574,22.79103521,23.5604208,23.36035882
2021-02-10 00:00:00,23.95160192,24.95087436,25.28205652,25.05219154
2021-02-18 00:00:00,23.70394435,24.86159487,24.69571854,25.06080931
2021-02-19 00:00:00,21.62562977,22.70813325,22.37234811,23.12104879
2021-02-22 00:00:00,23.81768546,23.84971204,24.07207694,24.4768187
2021-02-23 00:00:00,23.31020947,23.8840968,24.65422874,24.33397058
2021-02-24 00:00:00,24.08279377,25.06586573,25.06569867,26.42665313
2021-02-25 00:00:00,22.56163951,23.92683523,23.82098466,25.32085544
2021-02-26 00:00:00,25.23546688,25.85044818,26.78524078,26.77402743
2021-03-01 00:00:00,23.59190938,24.06861729,24.83364779,25.15576532
2021-03-02 00:00:00,22.94423948,23.55483851,24.31895479,24.40512427
2021-03-03 00:00:00,22.71967204,23.14936263,23.91646269,24.42952542
2021-03-04 00:00:00,24.500151,25.28677412,24.92160649,25.71631303
2021-03-05 00:00:00,25.17619859,25.28114497,24.99991052,26.53694104
2021-03-08 00:00:00,26.58402877,26.52892838,26.98142535,27.43600894
2021-03-09 00:00:00,26.26686666,26.05382269,26.15131394,27.34030377
2021-03-10 00:00:00,25.50641309,25.13002464,25.32886801,26.75009493
2021-03-11 00:00:00,23.53741917,23.17287808,23.77194071,24.54182778
2021-03-12 00:00:00,22.12449093,22.12162851,22.56362135,23.56465909
2021-03-15 00:00:00,22.88124769,22.79018402,23.18648641,23.83225214
2021-03-16 00:00:00,22.17535817,22.14913724,22.52568762,23.52462939
2021-03-17 00:00:00,22.39585218,22.39105299,22.8044842,24.04850733
2021-03-18 00:00:00,22.14151654,22.1151145,22.31977792,23.52628316
2021-03-19 00:00:00,22.61670665,22.08123305,22.26045023,23.62452796
2021-03-22 00:00:00,21.90322152,21.83556111,22.09367325,22.95217522
2021-03-23 00:00:00,21.12781456,21.39439123,21.52348355,22.52796496
2021-03-24 00:00:00,21.6135865,21.4501324,21.80794313,23.26271768
2021-03-25 00:00:00,20.75198569,21.20141515,21.66494056,22.63967563
2021-03-26 00:00:00,19.77702499,20.47506322,20.98619116,21.26458456
2021-03-29 00:00:00,19.77452338,20.43331372,21.14453867,21.59817295
2021-03-30 00:00:00,19.77481708,20.19906776,20.88811678,21.0735819
2021-03-31 00:00:00,19.44182141,20.09386199,20.55979918,20.66215275
2021-04-01 00:00:00,18.75918697,18.89810158,19.54024262,19.84135295
2021-04-02 00:00:00,18.9089684,18.90099001,19.51872055,20.49659699
2021-04-06 00:00:00,19.21770347,19.465957,20.04027407,20.45041307
2021-04-07 00:00:00,18.54331447,19.07071634,19.54088487,19.31835639
2021-04-08 00:00:00,18.21287334,18.55024669,18.98834809,18.37476994
2021-04-09 00:00:00,18.06706121,18.73840233,19.1165662,18.42914924
2021-04-12 00:00:00,18.99139539,19.51590413,19.70233648,19.09251729
2021-04-13 00:00:00,18.93867873,19.45681399,19.61389651,19.4868303
2021-04-14 00:00:00,18.80881116,19.35516881,19.54175343,19.48918716
2021-04-15 00:00:00,18.92971839,19.44753652,19.49029853,19.5498098
2021-04-16 00:00:00,18.66934831,19.06238027,19.14960348,19.24729485
2021-04-19 00:00:00,19.15706488,19.19647871,19.64972605,19.59202979
2021-04-20 00:00:00,19.19818065,19.15822349,19.75576299,19.2021884
2021-04-21 00:00:00,19.42619706,19.25775998,19.88037372,19.27252107
2021-04-22 00:00:00,19.38011996,19.38534902,19.79353189,19.41558798
2021-04-23 00:00:00,19.43267897,19.02566357,19.47260509,19.91105924
2021-04-26 00:00:00,20.08753278,20.01743854,20.31464186,19.72288747
2021-04-27 00:00:00,19.74897508,19.70084659,20.36436079,19.66257698
2021-04-28 00:00:00,19.41416564,19.0883229,19.9260401,20.26994718
2021-04-29 00:00:00,19.28126303,18.81870402,19.59601953,20.38688023
2021-04-30 00:00:00,19.02420759,18.76034681,19.35389151,19.99831668
2021-05-06 00:00:00,19.00837746,19.13847297,19.68826581,19.87207984
2021-05-07 00:00:00,18.78969326,19.2097467,19.76776529,19.35049128
2021-05-10 00:00:00,18.67267676,19.17614797,19.69388287,19.22170768
2021-05-11 00:00:00,18.95724688,19.44698696,19.93826947,20.18136334
2021-05-12 00:00:00,19.17438501,19.64859593,20.18731275,20.34688679
2021-05-13 00:00:00,19.24245849,19.80713511,20.31675356,20.34763145
2021-05-14 00:00:00,19.53829176,19.37192069,20.15579033,20.6580777
2021-05-17 00:00:00,20.34047309,20.98474316,21.03733336,22.00412206
2021-05-18 00:00:00,19.97836607,20.79940834,20.44315329,22.15490532
2021-05-19 00:00:00,19.35556785,20.03601873,20.08779119,21.55688721
2021-05-20 00:00:00,19.41766133,20.33657408,19.9616644,21.20590893
2021-05-21 00:00:00,19.07604431,18.49053046,19.57996129,20.31162982
2021-05-24 00:00:00,19.0796616,18.43980759,19.43015314,20.62198916
2021-05-25 00:00:00,21.10640194,20.94212891,22.99130218,22.71851849
2021-05-26 00:00:00,21.10067357,21.16789316,22.98497877,22.58499809
2021-05-27 00:00:00,22.1277249,22.0567683,23.81993232,23.22719374
2021-05-28 00:00:00,21.90900752,22.0235202,23.4461109,22.96384179
2021-05-31 00:00:00,22.39328501,22.61027993,24.10840149,23.56673553
2021-06-01 00:00:00,22.15325626,22.33359551,23.8338569,23.52413347
2021-06-02 00:00:00,20.7528666,21.10839857,22.38153069,21.881883
2021-06-03 00:00:00,19.96298817,20.39493226,21.37518612,20.90328012
2021-06-04 00:00:00,20.12101958,20.47942098,21.31640987,20.70679657
2021-06-07 00:00:00,20.70332071,21.17012344,21.93874939,21.59848684
2021-06-08 00:00:00,21.24999889,21.55684841,19.97201656,21.69949998
2021-06-09 00:00:00,20.39494974,20.92579376,20.15930974,21.16242843
2021-06-10 00:00:00,19.62253457,19.96489676,20.55149532,20.52864596
2021-06-11 00:00:00,19.78075183,20.35529197,18.61393022,20.44103541
2021-06-15 00:00:00,19.47410388,18.55503871,18.52429764,20.1412444
2021-06-16 00:00:00,20.49451169,19.47096675,19.86761004,20.58671901
2021-06-17 00:00:00,19.4734524,18.64575731,18.9741363,19.74652363
2021-06-18 00:00:00,19.53264857,18.4835433,18.79322292,19.42006196
2021-06-21 00:00:00,19.93947644,18.85155572,19.2409851,19.53401525
2021-06-22 00:00:00,19.55899518,18.44717068,18.78652535,19.11346776
2021-06-23 00:00:00,18.24806623,16.95222022,17.40981666,18.33193069
2021-06-24 00:00:00,17.50554683,16.18484064,16.8621946,18.11289002
2021-06-25 00:00:00,17.74948271,18.36442546,18.78962587,18.26620554
2021-06-28 00:00:00,18.01779061,18.85719718,19.37484153,18.62481514
2021-06-29 00:00:00,17.81434977,16.1609933,16.80955638,18.2969257
2021-06-30 00:00:00,18.3645042,19.13696375,17.10111779,18.85810056
2021-07-01 00:00:00,17.99827002,16.62344963,16.89986881,18.47995206
2021-07-02 00:00:00,18.70654207,17.71794835,17.87066925,18.41231965
2021-07-05 00:00:00,17.97738475,16.80679284,17.163946,17.77912886
2021-07-06 00:00:00,17.73273492,16.63176239,17.0630735,17.51483436
2021-07-07 00:00:00,17.32145345,15.81266698,16.22133974,17.19468619
2021-07-08 00:00:00,18.1722386,16.69267807,16.93118022,17.42534673
2021-07-09 00:00:00,18.12466012,17.31508873,17.50326286,18.15343028
2021-07-12 00:00:00,18.63173604,17.20884585,17.37937929,17.86702957
2021-07-13 00:00:00,18.32957109,16.88120651,17.18177277,18.01156285
2021-07-14 00:00:00,18.38112845,17.53417555,17.69660461,17.7798364
2021-07-15 00:00:00,18.00573393,16.20828893,16.55358648,17.75345244
2021-07-16 00:00:00,18.11822712,16.4083527,16.70977529,16.70295323
2021-07-19 00:00:00,18.27555284,16.40289982,16.83952079,17.19258794
2021-07-20 00:00:00,18.6459145,17.00116983,17.43441697,17.78450999
2021-07-21 00:00:00,18.13431018,16.38615242,16.704049,17.52882729
2021-07-22 00:00:00,18.04149038,16.30913519,16.60070977,17.56631951
2021-07-23 00:00:00,17.94624877,16.42676687,16.76678177,16.89962028
2021-07-26 00:00:00,21.33430579,19.85262823,19.8927064,19.72721142
2021-07-27 00:00:00,23.33016132,20.58211602,20.96809009,21.89005504
2021-07-28 00:00:00,22.12491933,21.08016209,21.47348628,21.46099815
2021-07-29 00:00:00,20.52610374,19.64018563,19.99260722,19.67787706
2021-07-30 00:00:00,19.97303863,19.06193725,19.2116599,19.48238518
2021-08-02 00:00:00,20.03965913,19.23876762,19.33053934,19.52619141
2021-08-03 00:00:00,19.21558862,18.74302844,18.84959332,18.96627942
2021-08-04 00:00:00,19.36272982,18.93702745,19.04015946,18.94597552
2021-08-05 00:00:00,19.05253145,18.75460282,19.02160005,18.75893443
2021-08-06 00:00:00,18.5878464,18.43898103,18.61083275,18.67840298
2021-08-09 00:00:00,18.66715692,18.44467964,18.76555468,18.90318705
2021-08-10 00:00:00,19.198144,18.4515178,18.64636133,19.09179444
2021-08-11 00:00:00,18.94979192,18.38706613,18.56776996,18.74688188
2021-08-12 00:00:00,18.83559322,18.46413087,18.57630848,18.76327823
2021-08-13 00:00:00,18.65210324,18.46131292,18.44922125,18.55029346
2021-08-16 00:00:00,19.21544838,19.06182895,18.99308156,19.00225322
2021-08-17 00:00:00,20.14867687,19.34248273,19.2466593,20.10911697
2021-08-18 00:00:00,19.158785,18.72354097,18.54064628,18.90606703
2021-08-19 00:00:00,19.73849099,19.18612519,18.9723832,19.81582171
2021-08-20 00:00:00,21.32430224,20.37537883,20.12634305,21.13371475
2021-08-23 00:00:00,20.82667873,19.60384171,19.8144646,20.05896483
2021-08-24 00:00:00,19.6992409,18.95060146,19.04536157,18.69960005
2021-08-25 00:00:00,19.62506328,18.84696592,19.08180048,18.66834206
2021-08-26 00:00:00,20.06446909,18.9766204,19.1097338,19.31573496
2021-08-27 00:00:00,19.73785215,19.08111361,19.24494461,18.76220996
2021-08-30 00:00:00,20.50871355,19.46201996,19.64288763,19.38960715
2021-08-31 00:00:00,20.28653094,19.0496494,19.17892284,19.37433298
2021-09-01 00:00:00,20.59573701,19.2662737,19.30528684,19.32424727
2021-09-02 00:00:00,21.06082248,19.74463845,19.87697123,19.29762702
2021-09-03 00:00:00,20.8127329,19.36638009,19.55121378,19.36677166
2021-09-06 00:00:00,20.63060758,19.3282221,19.66455979,19.0936647
2021-09-07 00:00:00,20.72125889,19.5158718,19.72979488,19.13875596
2021-09-08 00:00:00,20.96954677,19.63064318,19.93552408,19.58149928
2021-09-09 00:00:00,20.75999298,19.67480789,19.85878771,19.54111564
2021-09-10 00:00:00,20.40003128,19.09113208,19.4325989,19.44014168
2021-09-13 00:00:00,20.77134927,19.43640141,19.40052965,19.35270745
2021-09-14 00:00:00,20.40075505,19.14791062,19.00821095,18.58052473
2021-09-15 00:00:00,20.62150356,19.3252433,19.05592759,18.89118043
2021-09-16 00:00:00,21.42667306,20.24737348,20.07607325,20.0790412
2021-09-17 00:00:00,19.93743618,19.17606047,19.09230003,18.51202259
2021-09-22 00:00:00,21.39485873,20.28374893,20.24357516,20.16134584
2021-09-23 00:00:00,20.53420414,19.54648717,19.36785752,19.3403726
2021-09-24 00:00:00,19.49811777,18.81986369,18.80217771,18.51112391
2021-09-27 00:00:00,19.90643427,19.31983127,18.94570588,19.05677134
2021-09-28 00:00:00,20.20055106,19.42023815,19.08567775,18.94656759
2021-09-29 00:00:00,20.8415638,20.61240157,20.36859334,19.61499828
2021-09-30 00:00:00,21.01663021,20.4850479,20.21109233,19.74451585
2021-10-08 00:00:00,19.21224724,18.71214984,18.83779202,18.76930507
2021-10-11 00:00:00,19.03889013,18.30436937,18.44411407,18.28883159
2021-10-12 00:00:00,18.87016754,18.2924993,18.51681797,18.09600572
2021-10-13 00:00:00,18.9627264,18.32435058,18.37974648,17.78280431
2021-10-14 00:00:00,18.78336459,18.02411743,17.9993429,17.34014517
2021-10-15 00:00:00,18.45906846,17.64619853,17.72399418,17.22625242
2021-10-18 00:00:00,19.43159987,18.42457931,18.70883441,18.10238795
2021-10-19 00:00:00,18.49377596,17.76307974,17.89855976,17.30296125
2021-10-20 00:00:00,18.40679358,17.88767032,18.05535342,17.57733553
2021-10-21 00:00:00,18.58923903,18.17613863,18.30303893,17.69914152
2021-10-22 00:00:00,18.67742717,18.21235594,18.56943902,17.82416243
2021-10-25 00:00:00,19.29221566,18.40696174,19.15554632,18.54084491
2021-10-26 00:00:00,19.07946063,18.43658484,18.75276037,18.38005949
2021-10-27 00:00:00,18.9022438,18.36386229,18.6896966,18.28953235
2021-10-28 00:00:00,18.68587788,18.24025193,18.56697937,18.55769547
2021-10-29 00:00:00,18.57890329,18.00430463,18.24754858,17.73522964
2021-11-01 00:00:00,19.1362849,18.49473706,18.48968515,18.31969903
2021-11-02 00:00:00,20.04918953,19.14678598,19.17222778,19.16887187
2021-11-03 00:00:00,20.3103075,19.23018912,19.30410361,18.88739435
2021-11-04 00:00:00,19.21327947,18.29104745,18.27952458,18.16650781
2021-11-05 00:00:00,18.8724307,18.00301096,17.8874199,18.10986679
2021-11-08 00:00:00,19.62283515,18.40143984,18.34732507,18.40004382
2021-11-09 00:00:00,19.64192508,18.3558311,18.37558657,18.25841263
2021-11-10 00:00:00,19.53816663,18.40024087,18.38997038,18.57278894
2021-11-11 00:00:00,19.01336522,18.0735408,17.64270202,18.13186201
2021-11-12 00:00:00,18.7891342,17.79191867,17.5503161,17.81243681
2021-11-15 00:00:00,19.15189209,18.31732114,17.94608867,18.42037922
2021-11-16 00:00:00,18.80562848,18.0959568,17.76949224,18.04443445
2021-11-17 00:00:00,18.89764198,18.00423809,17.70773345,17.88422438
2021-11-18 00:00:00,18.71899024,17.51513319,17.34989688,17.20038613
2021-11-19 00:00:00,18.46060768,17.53994788,16.80836846,17.02814001
2021-11-22 00:00:00,18.31721349,17.83492022,17.34234318,16.98059771
2021-11-23 00:00:00,18.04030059,17.52340327,17.10480654,16.68933173
2021-11-24 00:00:00,17.59043173,17.05196074,16.56500453,16.33272278
2021-11-25 00:00:00,16.93824436,16.25585528,15.63728769,15.54800398
2021-11-26 00:00:00,16.89109041,16.01865755,15.66335083,15.33418252
2021-11-29 00:00:00,17.05478907,16.66739407,16.27077996,15.96073307
2021-11-30 00:00:00,16.95951921,16.44494577,16.20983554,15.80313757
2021-12-01 00:00:00,16.62133119,16.01253071,15.62099878,15.02498592
2021-12-02 00:00:00,16.12644506,15.51991689,15.27148997,14.9316875
2021-12-03 00:00:00,15.3861729,15.35737995,14.88605243,14.58279499
2021-12-06 00:00:00,15.70202395,15.59512955,15.22194487,14.78259095
2021-12-07 00:00:00,15.82399024,15.90026384,15.63145314,15.0163002
2021-12-08 00:00:00,17.03922899,16.63477299,16.71725566,16.42813416
2021-12-09 00:00:00,17.84984315,16.67333055,17.64839006,16.50395412
2021-12-10 00:00:00,17.2827788,16.02504687,16.86783097,16.26406962
2021-12-13 00:00:00,17.70028037,16.56073906,17.40524208,16.78293374
2021-12-14 00:00:00,17.07020081,16.18042379,16.99058159,16.21936704
2021-12-15 00:00:00,16.57440602,16.02484274,16.74174441,15.68792355
2021-12-16 00:00:00,16.61140428,15.70490151,16.56542362,15.82719556
2021-12-17 00:00:00,16.76048642,16.02301384,16.83353117,15.93766501
2021-12-20 00:00:00,17.47689626,17.36372926,17.40796443,16.88921958
2021-12-21 00:00:00,16.89582215,16.57712071,16.53242705,15.98902213
2021-12-22 00:00:00,16.56535226,16.17333279,16.12374503,15.7532305
2021-12-23 00:00:00,15.57400802,15.28473833,15.6430969,15.04148744
2021-12-24 00:00:00,15.82493095,15.78883932,15.78826087,15.05531383
2021-12-27 00:00:00,16.19954679,15.92754151,16.10322024,15.61517468
2021-12-28 00:00:00,16.13110495,15.7468288,16.33826717,15.81400194
2021-12-29 00:00:00,17.56837644,17.48741187,17.61254254,17.05000628
2021-12-30 00:00:00,16.91822037,16.66304812,16.81432234,16.38474208
2021-12-31 00:00:00,17.16339782,16.74337886,17.02022814,16.52498424
2022-01-04 00:00:00,17.48332149,17.2027625,17.41368824,16.92505748
2022-01-05 00:00:00,18.00196664,17.60593795,17.87067652,17.20214701
2022-01-06 00:00:00,18.31517181,17.81032409,17.88966311,17.60601104
2022-01-07 00:00:00,17.51258945,17.0677914,17.21017655,16.65083431
2022-01-10 00:00:00,17.66360063,17.37406619,17.42733758,16.62000326
2022-01-11 00:00:00,17.69051908,17.37379037,17.56457294,17.26304011
2022-01-12 00:00:00,17.02051873,16.90896845,16.95989344,16.01171528
2022-01-13 00:00:00,18.31427829,17.98921166,18.11696926,17.42543971
2022-01-14 00:00:00,18.56337314,18.12383833,18.02264183,17.96637325
2022-01-17 00:00:00,18.03035034,17.47982646,17.50066467,16.93544688
2022-01-18 00:00:00,17.5161589,16.94423749,16.85065135,16.15998572
2022-01-19 00:00:00,17.63148134,16.46681549,16.92311033,16.39419984
2022-01-20 00:00:00,17.7169342,16.64918219,16.92018767,16.17788397
2022-01-21 00:00:00,17.72853779,16.96407146,17.26761126,16.42895148
2022-01-24 00:00:00,18.63383468,17.87679128,18.17611794,17.77125477
2022-01-25 00:00:00,20.68635416,19.78606562,20.17224604,20.1798519
2022-01-26 00:00:00,19.72856433,18.70918428,19.00623632,18.44402515
2022-01-27 00:00:00,20.08642025,19.25133249,19.56662625,19.57894259
2022-01-28 00:00:00,22.70364233,22.19029385,21.86517677,21.69880165
2022-02-07 00:00:00,18.7033142,18.25487728,18.70961585,18.88011059
2022-02-08 00:00:00,18.20613444,17.57412113,17.82821928,17.99651289
2022-02-09 00:00:00,17.52679831,16.74224483,17.06041931,17.18485708
2022-02-10 00:00:00,17.08491308,16.35050496,16.77664988,16.66012106
2022-02-11 00:00:00,16.73765888,15.95453953,16.45382027,16.566044
2022-02-14 00:00:00,17.40645608,16.95830435,17.02689806,17.55936051
2022-02-15 00:00:00,17.46030334,16.60720545,16.5407582,17.00918849
2022-02-16 00:00:00,16.65008656,16.32588046,16.15924535,16.42877683
2022-02-17 00:00:00,16.54873717,16.59307843,16.38142345,16.63042019
2022-02-18 00:00:00,16.08305047,15.90773772,15.73313012,15.84636579
2022-02-21 00:00:00,16.14976974,15.99171818,15.75985741,15.7087625
2022-02-22 00:00:00,17.44826373,16.4384533,16.22833224,16.07373028
2022-02-23 00:00:00,16.40896796,15.8381393,15.8072478,15.2129238
2022-02-24 00:00:00,17.78856192,17.43758899,17.28896247,17.26809106
2022-02-25 00:00:00,17.06317338,16.15685375,16.50742285,16.2127468
2022-02-28 00:00:00,17.44889563,16.84816494,16.97723216,16.90864031
2022-03-01 00:00:00,16.43640724,16.12591728,16.12138097,16.15486548
2022-03-02 00:00:00,16.5139777,16.13576755,16.24466218,16.30456388
2022-03-03 00:00:00,16.66942224,16.57568951,16.63896615,16.22436
2022-03-04 00:00:00,16.38904906,16.55213356,16.90618911,16.80647965
2022-03-07 00:00:00,19.66521511,19.74194541,19.91841283,20.25099641
2022-03-08 00:00:00,21.37268906,22.26354969,22.35669688,22.73644782
2022-03-09 00:00:00,23.40456692,23.40766595,23.61641036,24.37779557
2022-03-10 00:00:00,20.8740418,21.51138738,21.5083385,22.29317712
2022-03-11 00:00:00,21.81920287,22.61916823,23.12712453,23.07802631
2022-03-14 00:00:00,24.55876456,26.37938497,26.3630324,26.36298822
2022-03-15 00:00:00,25.73293535,29.37414521,29.86531121,30.19270512
2022-03-16 00:00:00,26.55043765,26.97501089,27.10712734,27.61994019
2022-03-17 00:00:00,24.10401668,24.33393554,24.43661145,25.94287767
2022-03-18 00:00:00,23.31585077,23.50832728,23.92298709,24.07441349
2022-03-21 00:00:00,23.01592144,23.09031021,23.57763179,23.36402148
2022-03-22 00:00:00,21.87247823,22.05596595,22.39073411,21.88927387
2022-03-23 00:00:00,20.11853969,20.49765859,20.84546387,20.31596779
2022-03-24 00:00:00,19.03656856,19.20606593,19.39541833,19.2178862
2022-03-25 00:00:00,20.79848018,21.02767731,21.42858403,20.89746846
2022-03-28 00:00:00,21.99132658,22.73351383,23.1619446,22.4526372
2022-03-29 00:00:00,22.31860659,22.82945184,23.09485968,22.70430116
2022-03-30 00:00:00,20.51148679,21.06067169,21.19970658,20.88656106
2022-03-31 00:00:00,20.39228541,21.03739818,20.86924083,21.18901696
2022-04-01 00:00:00,19.93814197,20.38731185,20.46031531,20.59976538
2022-04-06 00:00:00,19.84465946,20.04494556,20.4459861,20.60712384
2022-04-07 00:00:00,20.69101745,20.90428761,21.27046728,21.10093379
2022-04-08 00:00:00,20.02477096,20.32767082,20.65147982,20.15622994
2022-04-11 00:00:00,22.66928169,23.12153121,23.52962357,23.16246537
2022-04-12 00:00:00,21.49312055,21.84561242,22.04033782,21.77775866
2022-04-13 00:00:00,21.38063281,21.88508562,22.14470022,21.6478402
2022-04-14 00:00:00,20.44462507,20.84701423,21.16865655,21.07340427
2022-04-15 00:00:00,20.49294709,20.72962807,21.05290717,20.91183656
2022-04-18 00:00:00,21.2073907,21.34623542,21.43793122,21.05015217
2022-04-19 00:00:00,21.02626885,21.31605456,21.5318523,21.70055347
2022-04-20 00:00:00,22.23889884,22.85756908,22.82993457,23.19401651
2022-04-21 00:00:00,23.31279045,24.04409259,24.34707007,25.2621858
2022-04-22 00:00:00,22.67430235,24.12490268,24.48517498,24.65759429
2022-04-25 00:00:00,26.43592224,28.71553472,28.89919303,29.70911588
2022-04-26 00:00:00,28.25715617,29.59869783,29.80627843,29.65889391
2022-04-27 00:00:00,26.00133037,27.48595119,27.77843196,27.74239644
2022-04-28 00:00:00,23.11644589,24.39307413,24.84802743,25.04188596
2022-04-29 00:00:00,22.21626789,23.24577896,23.47922379,23.63484826
2022-05-05 00:00:00,22.56034585,23.2738477,23.27433948,23.91899857
2022-05-06 00:00:00,23.68521767,24.52827134,24.74881091,25.33936012
2022-05-09 00:00:00,24.07812925,25.36416823,25.43854782,26.15945264
2022-05-10 00:00:00,24.0520472,25.02905128,25.23293209,25.66294126
2022-05-11 00:00:00,23.09356765,24.34575934,24.30751604,25.07745972
2022-05-12 00:00:00,23.54177914,24.67762073,24.68853161,25.36640729
2022-05-13 00:00:00,22.87728489,24.02386125,24.02417542,24.49948529
2022-05-16 00:00:00,23.19634066,24.55644709,24.5494372,24.91309909
2022-05-17 00:00:00,22.28899379,23.16123974,23.25316062,23.45331205
2022-05-18 00:00:00,21.5759356,22.53775838,22.86846899,23.40544388
2022-05-19 00:00:00,21.44987998,22.34800621,22.69392511,22.94510947
2022-05-20 00:00:00,21.4291656,21.94613598,22.23046096,22.25465351
2022-05-23 00:00:00,20.87536517,21.64644543,21.95369461,21.93421036
2022-05-24 00:00:00,21.48538046,22.56838138,22.81268209,22.78246949
2022-05-25 00:00:00,20.73187054,21.801967,21.9855293,22.19072582
2022-05-26 00:00:00,20.05232187,20.86939188,21.09056532,21.26243441
2022-05-27 00:00:00,19.44330531,20.47214448,20.68344703,20.98644436
2022-05-30 00:00:00,19.68128206,20.86405935,21.09436596,21.51321332
2022-05-31 00:00:00,19.99540929,21.2929075,21.48829875,21.61216169
2022-06-01 00:00:00,19.83451938,21.12630848,21.30332956,21.22796503
2022-06-02 00:00:00,19.68928855,20.91933562,21.14433295,21.19263136
2022-06-06 00:00:00,20.10258861,21.45923312,21.57868883,22.05221196
2022-06-07 00:00:00,20.3707253,21.89431302,22.0501197,22.08763861
2022-06-08 00:00:00,21.23574076,22.10058604,22.17581979,22.47792746
2022-06-09 00:00:00,20.65007869,21.44693382,21.59643289,21.98560766
2022-06-10 00:00:00,20.26911845,20.95385816,21.01001928,21.73594228
2022-06-13 00:00:00,21.12720574,21.8847468,21.90404969,22.40721542
2022-06-14 00:00:00,21.34793592,21.72588593,21.86753751,22.42623295
2022-06-15 00:00:00,22.43802193,22.68967458,22.77884081,23.27112222
2022-06-16 00:00:00,21.23624682,21.86842463,22.15851505,22.84537102
2022-06-17 00:00:00,21.87352763,22.14582945,22.31225054,22.84950959
2022-06-20 00:00:00,22.16131286,22.2897178,22.45064425,22.6376863
2022-06-21 00:00:00,21.64371365,21.65861167,21.83395429,22.16532779
2022-06-22 00:00:00,20.4471206,20.81912744,21.0047152,21.33350734
2022-06-23 00:00:00,20.40375189,20.19649796,20.47783127,21.06814311
2022-06-24 00:00:00,20.03323092,19.94372093,20.21512721,20.6603953
2022-06-27 00:00:00,21.44754175,21.18323419,21.39429957,21.53584694
2022-06-28 00:00:00,21.42094876,21.47424681,21.75255486,21.56925017
2022-06-29 00:00:00,21.45024986,21.74682353,22.11732303,21.89575639
2022-06-30 00:00:00,22.09509025,22.28748087,22.55580487,22.45842447
2022-07-01 00:00:00,21.94399993,21.80739639,22.23832126,22.11589691
2022-07-04 00:00:00,22.16344689,22.07314039,22.32074536,22.45353163
2022-07-05 00:00:00,22.09280907,22.06251443,22.21379931,22.45671631
2022-07-06 00:00:00,22.20754827,22.22351421,22.42116838,22.8868272
2022-07-07 00:00:00,21.70204467,21.70115941,22.01847581,22.50349179
2022-07-08 00:00:00,21.04438302,21.13362464,21.29373483,21.80914825
2022-07-11 00:00:00,21.39994441,21.61710373,21.83177325,22.73836039
2022-07-12 00:00:00,20.78036961,21.08508155,21.31730757,21.88493353
2022-07-13 00:00:00,20.37868466,20.46844338,20.74812952,21.53132751
2022-07-14 00:00:00,19.98696999,20.00832534,20.24131312,20.89351136
2022-07-15 00:00:00,20.03559326,20.5793936,20.82108187,21.43874004
2022-07-18 00:00:00,20.7926432,20.58274989,20.8751724,21.25759084
2022-07-19 00:00:00,20.4714728,20.44055542,20.72764003,21.30406299
2022-07-20 00:00:00,19.79931096,19.68359941,19.90144961,20.02343023
2022-07-21 00:00:00,20.02029597,19.9507056,20.34611446,20.48141823
2022-07-22 00:00:00,19.5287712,19.53264377,19.78563128,20.0286262
2022-07-25 00:00:00,19.98320392,20.08136473,20.35981303,21.06871687
2022-07-26 00:00:00,19.01498071,19.06694404,19.40785142,19.8488968
2022-07-27 00:00:00,19.35888015,19.34027526,19.73563274,20.1225517
2022-07-28 00:00:00,19.18781428,19.2032282,19.59634255,20.03384694
2022-07-29 00:00:00,20.16674969,20.14976808,20.50648407,21.40097175
2022-08-01 00:00:00,20.54489162,20.75680599,21.15309494,21.68161188
2022-08-02 00:00:00,23.86362401,24.50800917,24.54390185,25.529437
2022-08-03 00:00:00,22.3725297,22.75388502,23.11913484,23.83455243
2022-08-04 00:00:00,20.48295163,21.08814838,21.1694561,21.78647748
2022-08-05 00:00:00,19.02697159,19.28662815,19.54257341,20.19277376
2022-08-08 00:00:00,19.2033227,19.72550671,19.67992037,20.62771575
2022-08-09 00:00:00,19.00862226,19.6407579,19.9173375,20.67055316
2022-08-10 00:00:00,19.29601753,20.03113934,20.36943825,21.28901203
2022-08-11 00:00:00,19.51796694,19.68879397,19.90031874,20.59024629
2022-08-12 00:00:00,18.69721724,19.06345222,19.2410484,19.78715433
2022-08-15 00:00:00,19.02556605,19.44374041,19.5847833,19.83684686
2022-08-16 00:00:00,18.67361091,18.99714059,19.19863982,19.46156973
2022-08-17 00:00:00,18.4919988,18.59229138,18.89615474,18.84762374
2022-08-18 00:00:00,19.03114451,19.0002965,19.19655066,19.1776106
2022-08-19 00:00:00,18.32790134,18.53115647,18.82270265,18.62437339
2022-08-22 00:00:00,17.99377178,18.07757921,18.24574896,17.77128926
2022-08-23 00:00:00,17.52334964,17.87695171,18.09167261,17.56047317
2022-08-24 00:00:00,18.44076262,19.01972327,19.11392544,19.06112186
2022-08-25 00:00:00,17.38265105,17.95942217,18.21077954,17.3241126
2022-08-26 00:00:00,16.56315984,17.07111147,17.30051351,16.73776897
2022-08-29 00:00:00,17.46911811,17.84712994,18.07710008,17.43604288
2022-08-30 00:00:00,17.11119894,17.55521785,17.80871374,17.37197623
2022-08-31 00:00:00,17.27987076,17.73473382,17.88469351,17.80452604
2022-09-01 00:00:00,17.45055004,18.06272157,18.25383173,17.67976647
2022-09-02 00:00:00,17.82282835,18.37028002,18.51350689,18.10894345
2022-09-05 00:00:00,18.55130933,19.03972468,19.28037922,18.84112149
2022-09-06 00:00:00,17.36515712,17.78971415,17.93126116,17.56693275
2022-09-07 00:00:00,17.26747117,17.55144143,17.71894136,17.34444031
2022-09-08 00:00:00,16.71185514,17.07390386,17.20978075,16.96729781
2022-09-09 00:00:00,16.19256023,16.4115792,16.62546641,16.29099146
2022-09-13 00:00:00,16.43032807,16.65493818,16.77661259,16.50661265
2022-09-14 00:00:00,16.52765716,16.76229484,16.90167886,16.52652334
2022-09-15 00:00:00,16.75222516,17.3021962,17.3714057,16.99594055
2022-09-16 00:00:00,18.01807579,18.52538031,18.34817394,18.20650419
2022-09-19 00:00:00,18.19280078,18.61050045,18.36393229,18.53383714
2022-09-20 00:00:00,17.70432021,18.05480224,18.08784806,17.89786969
2022-09-21 00:00:00,18.55863075,19.08914405,18.97363926,18.90759207
2022-09-22 00:00:00,18.45656419,19.10531155,19.10553607,19.32240127
2022-09-23 00:00:00,18.43631546,19.44025167,18.70979526,18.9098114
2022-09-26 00:00:00,19.32869537,20.53129301,20.42670288,20.53056811
2022-09-27 00:00:00,18.3789259,19.34559429,19.50401927,18.99290762
2022-09-28 00:00:00,18.8352516,19.5841679,19.64803695,19.350169
2022-09-29 00:00:00,18.27351247,18.95391606,19.1440039,19.27344317
2022-09-30 00:00:00,17.62597362,18.72287989,18.75439052,19.139996
2022-10-10 00:00:00,19.17684271,20.18716111,20.33238819,20.91355202
2022-10-11 00:00:00,19.25659837,20.06681006,20.1828111,20.96274139
2022-10-12 00:00:00,19.60886931,19.32926253,19.62257256,20.35980274
2022-10-13 00:00:00,20.10440658,20.06441513,20.1308705,21.05019017
2022-10-14 00:00:00,18.8596762,18.81753455,18.87019958,19.7635525
2022-10-17 00:00:00,18.85436205,18.77159854,18.67028137,19.60419812
2022-10-18 00:00:00,18.29343279,18.15089309,18.24969871,19.19778555
2022-10-19 00:00:00,18.8892912,18.94829973,18.88627854,19.68273216
2022-10-20 00:00:00,19.68723636,19.95843709,19.99105221,20.63936186
2022-10-21 00:00:00,20.01782861,20.55103477,20.47385344,21.04208164
2022-10-24 00:00:00,23.30069878,24.39665875,24.5233802,25.38207506
2022-10-25 00:00:00,23.41576365,23.77038353,24.06132448,24.37053512
2022-10-26 00:00:00,21.81109318,21.92407181,22.20534618,22.39318827
2022-10-27 00:00:00,21.61676201,21.17552116,21.36904379,21.6210933
2022-10-28 00:00:00,23.14624721,22.89168216,23.02529133,23.58059611
2022-10-31 00:00:00,25.14361438,25.24713031,25.3068072,26.09348046
2022-11-01 00:00:00,22.64690135,22.24290551,22.39129177,23.29288347
2022-11-02 00:00:00,21.6768352,20.95667856,21.12793234,21.76205694
2022-11-03 00:00:00,21.72554345,20.92182698,21.09839085,22.19802581
2022-11-04 00:00:00,21.90294731,21.51574251,21.62559841,22.59206491
2022-11-07 00:00:00,22.72883752,22.52889258,22.48725851,23.217337
2022-11-08 00:00:00,22.0610102,21.37474979,21.413522,22.40193692
2022-11-09 00:00:00,21.84032776,21.91758179,22.05410781,23.131665
2022-11-10 00:00:00,22.01131504,22.00638705,22.15517708,23.25366444
2022-11-11 00:00:00,21.65739333,21.2456274,21.43529071,22.223481
2022-11-14 00:00:00,22.88875383,22.1264236,22.14242701,23.20065876
2022-11-15 00:00:00,23.12421182,22.14332892,22.23133519,23.4925346
2022-11-16 00:00:00,22.79432835,21.78442353,21.74329258,22.88357309
2022-11-17 00:00:00,22.21148437,21.64927323,21.49416989,22.26146773
2022-11-18 00:00:00,21.69778122,20.63227408,20.96367244,21.56825008
2022-11-21 00:00:00,21.43624376,21.10227011,21.38720712,22.0915716
2022-11-22 00:00:00,21.78970839,20.95640886,21.10092227,22.01277028
2022-11-23 00:00:00,21.91372192,20.95913569,21.02889539,21.83545412
2022-11-24 00:00:00,21.73409357,21.47012386,21.26185881,22.197531
2022-11-25 00:00:00,21.04683598,20.90455955,21.19518595,21.60120698
2022-11-28 00:00:00,22.55581543,22.18998484,22.59795703,22.63303543
2022-11-29 00:00:00,23.93845083,22.52778521,22.76212522,22.62321347
2022-11-30 00:00:00,23.18953624,22.09471017,22.15896219,22.09373225
2022-12-01 00:00:00,21.51437555,20.95511683,21.11843862,21.33297566
2022-12-02 00:00:00,20.86050427,20.27093849,20.33148638,20.62744489
2022-12-05 00:00:00,21.1429468,20.34502303,20.40849071,20.90503978
2022-12-06 00:00:00,20.74151823,19.65888859,19.63648224,20.22590169
2022-12-07 00:00:00,20.60404345,19.28947451,19.20710042,20.05819614
2022-12-08 00:00:00,20.09104202,18.90636129,18.90659329,19.69713736
2022-12-09 00:00:00,19.83323946,18.33896072,18.40459391,19.03325426
2022-12-12 00:00:00,19.86043537,18.68714832,18.7307378,19.4214955
2022-12-13 00:00:00,19.84586182,18.74094722,18.5722519,19.4156355
2022-12-14 00:00:00,19.51060621,18.53147014,18.61205472,19.40303531
2022-12-15 00:00:00,18.49007177,17.5845134,17.6672535,18.67834924
2022-12-16 00:00:00,18.14920869,17.00277121,17.14291429,17.84608915
2022-12-19 00:00:00,18.91399945,17.55394796,17.56170791,18.30496245
2022-12-20 00:00:00,19.33912783,18.18455294,18.28547214,19.64932189
2022-12-21 00:00:00,18.80951918,17.76453303,17.76949493,19.07638434
2022-12-22 00:00:00,17.85289375,17.20609378,17.42472876,18.85200336
2022-12-23 00:00:00,18.30199674,18.0037441,18.01500037,19.08962902
2022-12-26 00:00:00,18.52756173,17.93018356,18.18269214,19.18842953
2022-12-27 00:00:00,17.90794516,16.66269822,16.96895497,17.91050473
2022-12-28 00:00:00,17.44049158,16.57927377,16.75080182,17.25188813
2022-12-29 00:00:00,16.87343543,16.29281899,16.53376157,17.60706274
2022-12-30 00:00:00,16.39165935,15.77756795,15.9733902,16.90347203
2023-01-03 00:00:00,16.61107902,16.08857259,16.27557194,17.20026714
2023-01-04 00:00:00,16.44172324,15.91617798,16.04996971,16.94565547
2023-01-05 00:00:00,16.61877025,15.78686988,15.88539563,16.83462955
2023-01-06 00:00:00,16.8614747,16.02517233,16.14952191,16.96807772
2023-01-09 00:00:00,18.31539337,17.40210301,17.45072596,17.97990325
2023-01-10 00:00:00,18.03644281,17.29291406,17.28568803,17.91892163
2023-01-11 00:00:00,17.7859747,17.03226984,17.05462153,17.23988059
2023-01-12 00:00:00,17.8320681,17.00963188,17.01370685,17.196597
2023-01-13 00:00:00,16.49829488,16.0241893,16.1645781,16.54999495
2023-01-16 00:00:00,17.78723647,17.19660184,17.67705109,18.36198448
2023-01-17 00:00:00,18.49546091,17.30469501,17.82374615,18.59115133
2023-01-18 00:00:00,18.82080541,17.96396283,18.23883034,19.0602185
2023-01-19 00:00:00,19.68057301,18.41400855,19.07101689,19.55631284
2023-01-20 00:00:00,18.78060075,17.87220109,18.04967039,18.71278328
2023-01-30 00:00:00,19.70606223,18.21086286,18.8989406,18.74422049
2023-01-31 00:00:00,18.72485001,17.35689676,18.01380484,18.09623571
2023-02-01 00:00:00,19.11545695,17.8965446,18.39088371,18.27629521
2023-02-02 00:00:00,19.24998486,17.9261038,18.6176759,18.36983855
2023-02-03 00:00:00,19.38789669,18.08045227,18.61776417,18.61255719
2023-02-06 00:00:00,20.39195655,18.8177405,19.32543154,19.08638162
2023-02-07 00:00:00,20.03761,18.2509072,18.46771233,18.58804549
2023-02-08 00:00:00,19.38855733,17.74792473,18.15533296,17.60311731
2023-02-09 00:00:00,19.02475068,17.40025019,17.87730188,17.37444162
2023-02-10 00:00:00,18.27161823,17.08360399,17.28681249,17.03482895
2023-02-13 00:00:00,18.43819698,17.27343364,17.72302841,17.77796382
2023-02-14 00:00:00,18.06740627,17.2712628,17.60716154,17.40967414
2023-02-15 00:00:00,17.88895346,16.82811201,16.98914894,16.7883621
2023-02-16 00:00:00,18.21169816,16.99314211,17.4948041,17.95856201
2023-02-17 00:00:00,18.25439259,17.868899,17.61947002,17.62694891
2023-02-20 00:00:00,18.87640096,17.8270666,18.26085692,17.68681186
2023-02-21 00:00:00,18.86160871,17.9081116,18.27245449,17.7465155
2023-02-22 00:00:00,18.31674438,17.76779078,18.08971,17.41192315
2023-02-23 00:00:00,17.93833941,17.37247558,17.71540351,16.89865915
2023-02-24 00:00:00,18.19889889,17.15654917,17.64554973,17.24468753
2023-02-27 00:00:00,18.65717332,17.88612764,18.21030684,17.58630167
2023-02-28 00:00:00,17.90460806,17.08068378,17.49626616,16.6717181
2023-03-01 00:00:00,17.43946323,16.89768422,17.25479007,16.86595797
2023-03-02 00:00:00,17.40199348,16.9073297,17.0766127,16.78007014
2023-03-03 00:00:00,17.46278487,16.7376779,17.09008381,16.76237351
2023-03-06 00:00:00,17.41956726,16.74538849,17.07610229,16.76445923
2023-03-07 00:00:00,17.79833693,17.16745062,17.48131038,17.13197852
2023-03-08 00:00:00,17.70259401,16.95015739,17.17596824,16.91653312
2023-03-09 00:00:00,17.52028422,16.83676822,17.1340993,16.7328793
2023-03-10 00:00:00,17.86411928,17.5322094,17.72612653,17.23000066
2023-03-13 00:00:00,17.9086132,17.27359624,17.41870278,17.24340162
2023-03-14 00:00:00,18.25957668,17.58628155,17.93697758,17.54690877
2023-03-15 00:00:00,17.38135967,16.78106587,16.96411833,16.68111451
2023-03-16 00:00:00,17.7111853,17.63091638,17.53595579,17.47701244
2023-03-17 00:00:00,17.07825697,16.72158042,16.66103412,16.50030065
2023-03-20 00:00:00,17.76483915,17.30241736,17.35250461,17.39842204
2023-03-21 00:00:00,17.56617024,16.52516217,16.69057077,16.37540673
2023-03-22 00:00:00,17.14272397,16.2362227,16.28612701,16.10666778
2023-03-23 00:00:00,16.24342084,15.42828306,15.57886048,15.14684768
2023-03-24 00:00:00,16.02728534,15.13638953,15.4147427,14.92748396
2023-03-27 00:00:00,16.65450127,15.57818378,15.85908606,15.31707129
2023-03-28 00:00:00,16.3159829,15.37870423,15.57798969,14.91056768
2023-03-29 00:00:00,16.26078903,15.46080853,15.6296594,15.33382252
2023-03-30 00:00:00,15.90558691,15.0630884,15.14969977,15.20826368
2023-03-31 00:00:00,15.81446657,15.08621417,15.24498768,14.97710399
